id,program_areas,strategies,categories
223,,,Grants Announcements
161,,,Grants Announcements
583,,,
232,Climate,Clean Energy,
838,,,Racial Equity
27,,,
233,,,
80,Sector Effectiveness,,
240,,,Grants Announcements
252,Climate,Clean Energy,
286,,,Grants Announcements
227,,,
146,,Barr Fellowship,
137,Climate,,
584,,,Racial Equity
61,Climate,,
118,,Barr Fellowship,
218,,,Job Openings
275,,,
272,,,Grants Announcements
45,,,
15,Education,,
245,Climate,Mobility,
273,,,
249,,,
167,Education,,Job Openings
257,,,Grants Announcements
278,,,
277,,,Job Openings
104,Climate,,
776,,,
123,Climate,,
298,,,Job Openings
179,Arts & Creativity,,
12,,,From the President
293,Special Initiatives,,Democracy | From the President
107,Arts & Creativity,,
95,Climate,,
25,,,From the President
96,Climate,,
113,Education,,
44,,,
128,Sector Effectiveness,,
126,Sector Effectiveness,,
304,,,Grants Announcements
194,,,Grants Announcements
155,,,
305,,,
17,,,From the President
120,Climate,,
211,Education,,
84,,,Global
29,Climate,,
88,Arts & Creativity,,
78,Arts & Creativity,,
64,Climate,,
99,,,
114,Sector Effectiveness,Barr Fellowship,
41,Education,,
196,Climate,Mobility,
85,Climate,,
101,Arts & Creativity,,
108,,Barr Fellowship,
112,Climate,,
116,Education,,
89,Climate,,
125,Sector Effectiveness,,
122,Climate,,
143,Climate,,
145,Climate,,
130,Sector Effectiveness,,
781,,,Racial Equity
117,Climate,,
111,,Barr Fellowship,
65,Education,,
39,Climate,,
5,Arts & Creativity,,Job Openings
159,Education,,From the President
475,,,Job Openings
68,Climate,,
479,,,Grants Announcements
3,Arts & Creativity,,Job Openings
784,,,COVID-19
171,Arts & Creativity,,
182,,,Grants Announcements
177,Education,,Job Openings
209,,,Grants Announcements|From the President
783,,,Racial Equity
315,,,Learning & Evaluation
312,Sector Effectiveness,,Job Openings
281,Special Initiatives,,Democracy|From the President
324,,,
328,,,Grants Announcements
469,,,From the President|Democracy
467,,,
313,,,
290,Special Initiatives,,Democracy|From the President
79,,,
336,,,Learning & Evaluation
337,,,From the President
340,,,Grants Announcements
157,,,
345,,Climate Resilience,Job Openings
4,,,
471,,Mobility,
349,Climate,,Job Openings
378,Climate,Climate Resilience,
422,,,
109,Sector Effectiveness,Barr Fellowship,
354,Education,,
139,,,
382,,,Grants Announcements
819,,,Grants Announcements
519,,,From the President
429,,,Grants Announcements
420,,,Job Openings
592,,,Grants Announcements
261,Arts & Creativity,,Job Openings
714,,,From the President|COVID-19
540,Education,,
713,,,
542,Climate,Mobility,
539,Sector Effectiveness,,
548,,,Grants Announcements
481,Education,,Job Openings
634,Arts & Creativity,,
523,Special Initiatives,Waterfront Initiative,Job Openings
532,Climate,,
529,,,Job Openings
520,Climate,Clean Energy,
472,,Clean Energy,Job Openings
531,,,Grants Announcements
636,,,Grants Announcements
674,,,From the President|Racial Equity
673,,,From the President
721,,,Grants Announcements
717,Education,,COVID-19
833,,,
826,,,Job Openings
524,,,Job Openings
760,,,Grants Announcements|Racial Equity
763,Climate,,Racial Equity
677,,,Job Openings
834,,,Job Openings
770,,,COVID-19|Racial Equity
720,,,
771,,,Grants Announcements
219,Climate,,Job Openings
675,,,Job Openings
13,Education,,
777,Climate,Mobility | Clean Energy | Climate Resilience,
842,,,Grants Announcements
836,Climate,,Job Openings
843,,,From the President
852,,,From the President
536,Special Initiatives,Waterfront Initiative,
987,,Waterfront Initiative,
283,Education,,Job Openings
931,Education,,
943,,,
853,,,Grants Announcements
937,,,Racial Equity
898,,,Grants Announcements
941,,Racial Wealth Equity Initiative,Racial Equity
759,Arts & Creativity,,Powering Cultural Futures|Racial Equity
942,,,Job Openings
284,Arts & Creativity,,Job Openings
861,Arts & Creativity,,Job Openings
859,,,Job Openings
635,Education,,Job Openings
917,,,
862,Education,Invest in Educators,
430,,,Job Openings
901,,,Job Openings
933,,Racial Wealth Equity Initiative,Racial Equity
629,,,Job Openings
633,Education,,
910,,,From the President
773,,,From the President|COVID-19|Racial Equity
905,,,
915,,,Grants Announcements
919,Education,,Job Openings
914,Arts & Creativity,,
918,,,Job Openings
934,,,Grants Announcements
979,,,
978,,,Grants Announcements
986,Education,,
162,Sector Effectiveness,,
432,,,Job Openings
926,,,Grants Announcements
160,,,
360,,,Newsletter Archive
938,,,
902,,,Job Openings
206,,,Job Openings
962,,,Job Openings
946,,,Grants Announcements
829,,,Grants Announcements
988,,,Grants Announcements
817,,,From the President
359,,,Grants Announcements
969,,,Grants Announcements
947,,,Job Openings
953,,,
984,Arts & Creativity,,Job Openings
973,,,
970,,,Job Openings
320,,,Learning & Evaluation
712,,,COVID-19|From the President
972,,,Job Openings
535,,,Learning & Evaluation
956,,,Grants Announcements
985,,,
