Organization Name,Docket Record Name,Department,Request Number,Amount (Fund-Coding),Internal Grant Status,Award Date,Duration (Months),Sponsored Organization: Organization Name,Grant Purpose,Website,Budget Area/Strategy/Portfolio
"TransitCenter, Inc.","23-35613 - TransitCenter, Inc.",Climate,23-35613,"$25,000.0000",Awarded,7/21/2023,12,,to support TransitCenter's leadership transition,www.transitcenter.org,Climate | Mobility | Organizational Development
"United Way of Central Massachusetts, Inc.","23-35743 - United Way of Central Massachusetts, Inc.",SpecialInit,23-35743,"$250,000.0000",Awarded,8/16/2023,12,,To support the Massachusetts Farm Resiliency Fund,http://www.unitedwaycm.org,Special Initiatives
"United Way of Massachusetts Bay, Inc.","23-35745 - United Way of Massachusetts Bay, Inc.",SpecialInit,23-35745,"$250,000.0000",Awarded,8/16/2023,12,,To support the Massachusetts Migrant Families Relief Fund,unitedwaymassbay.org,Special Initiatives
"Alliance for Business Leadership, Inc.","23-35372 - Alliance for Business Leadership, Inc.",Climate,23-35372,$0.0000,Closed,2/28/2023,12,,To support the Alliance for Business Leadership during their President transition,alliancebl.org,Climate | Organizational Development
"Environmental League of Massachusetts, Inc.","23-35375 - Environmental League of Massachusetts, Inc.",Climate,23-35375,"$47,000.0000",Awarded,2/28/2023,12,,To support ELM's racial equity training for managers and Vice President search.,http://www.environmentalleague.org/,Climate | Organizational Development
"Interstate Renewable Energy Council, Inc.","23-35419 - Interstate Renewable Energy Council, Inc.",Climate,23-35419,"$15,000.0000",Awarded,3/27/2023,12,,to support racial equity trainings and development for IREC's staff and Board,www.irecusa.org,Climate | Organizational Development
"WalkBoston, Inc.","22-35266 - WalkBoston, Inc.",Climate,22-35266,"$100,000.0000",Awarded,1/4/2023,12,,To support recruitment and rebranding,www.walkboston.org,Climate | Organizational Development
"Partnership Project, Inc.",23-35403 - Climate Advocacy Lab,Climate,23-35403,"$25,000.0000",Awarded,3/27/2023,12,Climate Advocacy Lab,To build capacity in communications and development in the new Climate Advocacy Lab leadership team,http://WWW.SAVEOURENVIRONMENT.ORG,Climate | Organizational Development
FII - National dba UpTogether,23-35466 - FII - National dba UpTogether,Racial Wealth Equity,23-35466,$250.0000,Awarded,3/27/2023,6,,For unrestricted support to recognize Lauren Woody's engagement in an input conversation for Barr's Racial Wealth Equity Initiative,www.uptogether.org,Racial Wealth Equity-Special Initiatives | Honorarium
Benjamin Franklin Institute of Technology,23-35468 - Benjamin Franklin Institute of Technology,Racial Wealth Equity,23-35468,$250.0000,Awarded,3/27/2023,6,,For unrestricted support to recognize Aisha Francis' engagement in an input conversation for Barr's Racial Wealth Equity Initiative,www.bfit.edu,Racial Wealth Equity-Special Initiatives | Honorarium
"Boston Foundation, Inc.","23-35467 - Boston Foundation, Inc.",Racial Wealth Equity,23-35467,$250.0000,Awarded,3/27/2023,6,,For unrestricted support to recognize Makeeba McCreary of New Commonwealth Racial Equity and Social Justice Fund for her engagement in an input conversation for Barr's Racial Wealth Equity Initiative,https://www.tbf.org,Racial Wealth Equity-Special Initiatives | Honorarium
"Black Economic Council of Massachusetts, Inc.","23-35465 - Black Economic Council of Massachusetts, Inc.",Racial Wealth Equity,23-35465,$500.0000,Awarded,3/27/2023,6,,For unrestricted support to recognize Nicole Obi and Lori Britton's engagement in an input conversation for Barr's Racial Wealth Equity Initiative,https://becma.org,Racial Wealth Equity-Special Initiatives | Honorarium
"Boston Harbor Now, Inc.","23-35486 - Boston Harbor Now, Inc.",Waterfront,23-35486,"$2,000.0000",Awarded,5/2/2023,6,,To support the Stone Living Lab's 2023 Conference at the Silver Sponsor level,http://www.bostonharbornow.org,Waterfront-Special Initiatives
Piers Park Sailing Center,23-35589 - Piers Park Sailing Center,Waterfront,23-35589,"$200,000.0000",Awarded,6/30/2023,24,,To provide general operating support,www.PiersParkSailing.org,Waterfront-Special Initiatives
"Boston Harbor Now, Inc.","23-35588 - Boston Harbor Now, Inc.",Waterfront,23-35588,"$100,000.0000",Awarded,6/30/2023,12,,To provide support for the ground-truthing phase of its Waterfront Data Project,http://www.bostonharbornow.org,Waterfront-Special Initiatives
The Harborkeepers,23-35442 - The Harborkeepers,Waterfront,23-35442,"$125,000.0000",Awarded,3/27/2023,24,,To provide general operating support,,Waterfront-Special Initiatives
"Boston Harbor Now, Inc.","22-35274 - Boston Harbor Now, Inc.",Waterfront,22-35274,"$540,000.0000",Awarded,1/31/2023,12,,To provide core support for the Coalition for a Resilient and Inclusive Waterfront,http://www.bostonharbornow.org,Waterfront-Special Initiatives
"Mystic River Watershed Association, Inc.","23-35480 - Mystic River Watershed Association, Inc.",Waterfront,23-35480,"$300,000.0000",Awarded,6/13/2023,36,,"To support projects and efforts to develop climate resilience, greenways, and waterfront access",www.mysticriver.org,Waterfront-Special Initiatives
"Thompson Island Outward Bound Education Center, Inc.","22-35278 - Thompson Island Outward Bound Education Center, Inc.",Waterfront,22-35278,"$100,000.0000",Awarded,1/4/2023,12,,To provide general operating support,http://www.thompsonisland.org,Waterfront-Special Initiatives
"CropCircle Kitchen, Inc. d/b/a CommonWealth Kitchen","23-35575 - CropCircle Kitchen, Inc. d/b/a CommonWealth Kitchen",SectorEffect,23-35575,"$50,000.0000",Awarded,6/6/2023,12,,To provide one-time organizational development support,www.commonwealthkitchen.org,Sector Effectiveness | Invest in Leadership | Barr Fellowship
"Grub Street, Inc.","23-35574 - Grub Street, Inc.",SectorEffect,23-35574,"$25,000.0000",Awarded,6/6/2023,12,,To provide one-time organizational development support,www.grubstreet.org,Sector Effectiveness | Invest in Leadership | Barr Fellowship
"Political Asylum Immigration Representation Project, Inc.","23-35610 - Political Asylum Immigration Representation Project, Inc.",SectorEffect,23-35610,"$115,000.0000",Awarded,6/30/2023,12,,To provide one-time organizational development support,https://www.pairproject.org,Sector Effectiveness | Invest in Leadership | Barr Fellowship
Borealis Philanthropy,23-35245 - Borealis Philanthropy,SectorEffect,22-35245,"$150,000.0000",Awarded,1/4/2023,12,,"To support Round 5 of the REACH Fund, a funder collaborative aimed at advancing racial and intersectional equity and inclusion in the nonprofit sector",www.borealisphilanthropy.org,Sector Effectiveness | Invest in leadership
"Third Sector New England, Inc.",23-35509 - Commonwealth Seminar,SectorEffect,23-35509,"$115,000.0000",Awarded,6/6/2023,36,Commonwealth Seminar,To provide continued core support for its Commonwealth Seminar program and to build the Seminar’s operating capacity,http://www.tsne.org,Sector Effectiveness | Invest in Leadership | Leadership Development
"Greater Boston Chamber of Commerce Foundation, Inc.","23-35454 - Greater Boston Chamber of Commerce Foundation, Inc.",SectorEffect,23-35454,"$250,000.0000",Awarded,5/2/2023,24,,"To provide continued support for the Greater Boston Chamber of Commerce’s City Awake program, including a survey to better understand the civic interests of young professionals",BOSTONCHAMBER.COM,Sector Effectiveness | Invest in Leadership | Leadership Development
"Massachusetts Budget and Policy Center, Inc.","23-35456 - Massachusetts Budget and Policy Center, Inc.",SectorEffect,23-35456,"$750,000.0000",Awarded,6/7/2023,9,,To provide continued support for the Delivering on Equity Collective,http://www.massbudget.org,Sector Effectiveness | Inform Sound Decision-Making
"World Music, Inc. d/b/a Global Arts Live","23-35576 - World Music, Inc. d/b/a Global Arts Live",Arts,23-35576,"$125,000.0000",Awarded,6/30/2023,12,,To support strategic planning,www.globalartslive.org,Arts and Creativity | Invest in Adaptive and Relevant Organizations
"Double Edge Theatre Productions, Inc.",23-35674 - Ohketeau Cultural Center,Arts,23-35674,$500.0000,Awarded,6/30/2023,5,Ohketeau Cultural Center,To support Ohketeau Cultural Center to network and go on site visits to other Powering Culture Futures organizations in summer and fall 2023,http://www.doubleedgetheatre.org,Arts and Creativity | Invest in Adaptive and Relevant Organizations
"Castle of Our Skins, Inc.","23-35667 - Castle of Our Skins, Inc.",Arts,23-35667,$500.0000,Awarded,6/30/2023,5,,To support Powering Culture Futures organizations to network and go on site visits to each other in summer and fall 2023,http://www.castleskins.org,Arts and Creativity | Invest in Adaptive and Relevant Organizations
"Tiny Seed Project, Inc",23-35668 - Danza Organica,Arts,23-35668,$500.0000,Awarded,6/30/2023,5,Danza Organica,To support Danza Organica to network and go on site visits to other Powering Culture Futures organizations in summer and fall 2023,http://www.tinyseedproject.org,Arts and Creativity | Invest in Adaptive and Relevant Organizations
"Hyde Square Task Force, Inc.","23-35671 - Hyde Square Task Force, Inc.",Arts,23-35671,$500.0000,Awarded,6/30/2023,5,,To support Powering Culture Futures organizations to network and go on site visits to each other in summer and fall 2023,http://www.hydesquare.org,Arts and Creativity | Invest in Adaptive and Relevant Organizations
"Elevated Thought Foundation, Inc.","23-35669 - Elevated Thought Foundation, Inc.",Arts,23-35669,$500.0000,Awarded,6/30/2023,5,,To support Powering Culture Futures organizations to network and go on site visits to each other in summer and fall 2023,www.elevatedthought.org,Arts and Creativity | Invest in Adaptive and Relevant Organizations
"Angkor Dance Troupe, Inc.","23-35665 - Angkor Dance Troupe, Inc.",Arts,23-35665,$500.0000,Awarded,6/30/2023,5,,To support Powering Culture Futures organizations to network and go on site visits to each other in summer and fall 2023,www.angkordance.org,Arts and Creativity | Invest in Adaptive and Relevant Organizations
Aquinnah Cultural Center,23-35666 - Aquinnah Cultural Center,Arts,23-35666,$500.0000,Awarded,6/30/2023,5,,To support Powering Culture Futures organizations to network and go on site visits to each other in summer and fall 2023,,Arts and Creativity | Invest in Adaptive and Relevant Organizations
"Theatrezone, Inc.",23-35675 - Teatro Chelsea,Arts,23-35675,$500.0000,Awarded,6/30/2023,5,Teatro Chelsea,To support Teatro Chelsea to network and go on site visits to other Powering Culture Futures organizations in summer and fall 2023,http://WWW.APOLLINAIRETHEATRE.COM,Arts and Creativity | Invest in Adaptive and Relevant Organizations
Front Porch Arts Collective of Boston,23-35670 - Front Porch Arts Collective of Boston,Arts,23-35670,$500.0000,Awarded,6/30/2023,5,,To support Powering Culture Futures organizations to network and go on site visits to each other in summer and fall 2023,http://www.frontporcharts.org,Arts and Creativity | Invest in Adaptive and Relevant Organizations
"The Loop Lab, Inc.","23-35672 - The Loop Lab, Inc.",Arts,23-35672,$500.0000,Awarded,6/30/2023,5,,To support Powering Culture Futures organizations to network and go on site visits to each other in summer and fall 2023,http://www.thelooplab.org,Arts and Creativity | Invest in Adaptive and Relevant Organizations
Abilities Dance Incorporated,23-35664 - Abilities Dance Incorporated,Arts,23-35664,$500.0000,Awarded,6/30/2023,5,,To support Powering Culture Futures organizations to network and go on site visits to each other in summer and fall 2023,abilitiesdanceboston.org,Arts and Creativity | Invest in Adaptive and Relevant Organizations
"3rd Eye Youth Empowerment, Inc.","23-35662 - 3rd Eye Youth Empowerment, Inc.",Arts,23-35662,$500.0000,Awarded,6/30/2023,5,,To support Powering Culture Futures organizations to network and go on site visits to each other in summer and fall 2023,www.3rdeyeunlimited.com,Arts and Creativity | Invest in Adaptive and Relevant Organizations
"Southeast Asian Coalition of Central Massachusetts, Inc.","23-35673 - Southeast Asian Coalition of Central Massachusetts, Inc.",Arts,23-35673,$500.0000,Awarded,6/30/2023,5,,To support Powering Culture Futures organizations to network and go on site visits to each other in summer and fall 2023,http://WWW.SEACMA.ORG,Arts and Creativity | Invest in Adaptive and Relevant Organizations
"Greater Worcester Community Foundation, Inc.","22-35301 - Greater Worcester Community Foundation, Inc.",Arts,22-35301,"$400,000.0000",Awarded,6/7/2023,12,,To support arts and culture activities as part of the Creative Commonwealth Initiative,http://www.greaterworcester.org,Arts and Creativity | Invest in Adaptive and Relevant Organizations
"Jean Appolon Expressions, Inc.","23-35492 - Jean Appolon Expressions, Inc.",Arts,23-35492,"$400,000.0000",Awarded,6/30/2023,18,,To support the planning and build-out of a dance facility,https://jeanappolonexpressions.org/,Arts and Creativity | Invest in Adaptive and Relevant Organizations
"Essex County Community Foundation, Inc.","23-35364 - Essex County Community Foundation, Inc.",Arts,23-35364,"$125,000.0000",Awarded,1/31/2023,24,,To support additional Creative Commonwealth Initiative Partnership Grants,www.eccf.org,Arts and Creativity | Invest in Adaptive and Relevant Organizations
"EdVestors, Inc.","23-35463 - EdVestors, Inc.",Arts,23-35463,"$525,000.0000",Awarded,5/2/2023,36,,To support the BPS Arts Expansion Initiative,www.edvestors.org,Arts and Creativity | Invest in Adaptive and Relevant Organizations
"Jean Appolon Expressions, Inc.","23-35661 - Jean Appolon Expressions, Inc.",Arts,23-35661,$500.0000,Awarded,6/30/2023,5,,To support Powering Culture Futures organizations to network and go on site visits to each other in summer and fall 2023,https://jeanappolonexpressions.org/,Arts and Creativity | Invest in Adaptive and Relevant Organizations
"The Berkshire Taconic Community Foundation, Inc.","23-35452 - The Berkshire Taconic Community Foundation, Inc.",Arts,23-35452,"$126,500.0000",Awarded,3/27/2023,12,,To support the Resident Leadership Engagement grants program,www.berkshiretaconic.org,Arts and Creativity | Invest in Adaptive and Relevant Organizations
Community Foundation of Western Massachusetts,22-35271 - Community Foundation of Western Massachusetts,Arts,22-35271,"$100,000.0000",Awarded,1/4/2023,12,,To increase the number and award size of grants to arts organizations as part of Valley Creates,www.communityfoundation.org,Arts and Creativity | Invest in Adaptive and Relevant Organizations
"Third Sector New England, Inc.",23-35294 - Boston Cultural Leaders Coalition,Arts,22-35294,"$1,000,000.0000",Awarded,1/31/2023,42,Boston Cultural Leaders Coalition,To support the Boston Cultural Leaders Coalition,http://www.tsne.org,Arts and Creativity | Invest in Adaptive and Relevant Organizations
"Zeiterion Theatre, Inc.","23-35451 - Zeiterion Theatre, Inc.",Arts,23-35451,"$1,000,000.0000",Awarded,5/2/2023,12,,To support the renovation of the Zeiterion Theatre,www.zeiterion.org,Arts and Creativity | Invest in Adaptive and Relevant Organizations
"Philanthropy Massachusetts, Inc.","23-35572 - Philanthropy Massachusetts, Inc.",Arts,23-35572,"$75,000.0000",Awarded,7/21/2023,36,,To support the Massachusetts Arts Funders Network,www.philanthropyma.org,Arts and Creativity | Invest in Adaptive and Relevant Organizations
"Center for Effective Philanthropy, Inc.","23-35383 - Center for Effective Philanthropy, Inc.",Membership,23-35383,"$50,000.0000",Awarded,2/28/2023,12,,To support the Center for Effective Philanthropy’s 2023 national conference at the Distinguished Sponsor level,www.cep.org,Memberships and Sponsorships | Sponsorships | Sector Effectiveness
"New Bedford Fishing Heritage Center, Inc.","23-35476 - New Bedford Fishing Heritage Center, Inc.",Climate,23-35476,$500.0000,Awarded,3/27/2023,12,,For unrestricted support in recognition of Laura Orleans' assistance and expertise offered to the Barr Foundation,www.fishingheritagecenter.org,Climate | Honorarium
"GreenRoots, Inc.","23-35469 - GreenRoots, Inc.",Climate,23-35469,"$2,500.0000",Awarded,3/27/2023,12,,"For unrestricted support in recognition of Lila Greiner's assistance and expertise offered to the Technical Advisory Group (TAG), assembled to advise the RGGI Economic Study Plus (by Analysis Group)",www.greenrootschelsea.org,Climate | Honorarium
"New Bedford Museum and Art Center, Inc.","23-35477 - New Bedford Museum and Art Center, Inc.",Climate,23-35477,$250.0000,Awarded,3/27/2023,12,,For unrestricted support in recognition of Suzanne de Vegh's assistance and expertise offered to the Barr Foundation,www.newbedfordart.org,Climate | Honorarium
"NECEC Institute, Inc.","23-35590 - NECEC Institute, Inc.",Climate,23-35590,$550.0000,Awarded,6/6/2023,12,,For unrestricted support in recognition of Kristen Stelljes' assistance and expertise,http://Nececinstitute.org,Climate | Honorarium
World Resources Institute,23-35392 - World Resources Institute,Climate,23-35392,"$2,500.0000",Awarded,2/28/2023,12,,"To provide unrestricted support in recognition of Devashree Saha's assistance and expertise offered to the Technical Advisory Group (TAG), assembled to advise the RGGI Economic Study Plus (by Analysis Group)",www.wri.org,Climate | Honorarium
"New Bedford Historical Society, Inc.",23-35499 - New Bedford Historical Society,Climate,23-35499,$500.0000,Awarded,5/2/2023,12,,For unrestricted support in recognition of Lee Blake's assistance and expertise offered to the Barr Foundation,,Climate | Honorarium
"Chelsea Collaborative, Inc. dba La Colaborativa, Inc.","23-35432 - Chelsea Collaborative, Inc. dba La Colaborativa, Inc.",Climate,23-35432,$550.0000,Awarded,2/28/2023,12,,To provide unrestricted support in recognition of Chris Martinez's service in the Climate team's Peer Learning series,https://www.la-colaborativa.org/,Climate | Honorarium
Old Dartmouth Historical Society dba New Bedford Whaling Museum,23-35470 - Old Dartmouth Historical Society dba New Bedford Whaling Museum,Climate,23-35470,$250.0000,Awarded,3/27/2023,12,,For unrestricted support in recognition of Amanda McMullen's assistance and expertise during the Barr Foundation Climate team's visit to the Whaling Museum,www.whalingmuseum.org,Climate | Honorarium
Rocky Mountain Institute,23-35393 - Rocky Mountain Institute,Climate,23-35393,"$2,500.0000",Awarded,2/28/2023,12,,"To provide unrestricted support in recognition of Meredith Cowart assistance and expertise offered to the Technical Advisory Group (TAG), assembled to advise the RGGI Economic Study Plus (by Analysis Group)",www.rmi.org,Climate | Honorarium
Center for Coalfield Justice,23-35390 - Center for Coalfield Justice,Climate,23-35390,"$2,500.0000",Awarded,2/28/2023,12,,"To provide unrestricted support in recognition of Ethan Story's assistance and expertise offered to the Technical Advisory Group (TAG), assembled to advise the RGGI Economic Study Plus (by Analysis Group)",www.centerforcoalfieldjustice.org,Climate | Honorarium
Acadia Center,23-35391 - Acadia Center,Climate,23-35391,"$2,500.0000",Awarded,2/28/2023,12,,"To provide unrestricted support in recognition of Paola Moncada Tamayo assistance and expertise offered to the Technical Advisory Group (TAG), assembled to advise the RGGI Economic Study Plus (by Analysis Group)",https://acadiacenter.org/,Climate | Honorarium
Performing Arts Center of Los Angeles County,23-35413 - Performing Arts Center of Los Angeles County,SpecialInit,23-35413,"$1,000.0000",Awarded,3/1/2023,12,,"For unrestricted support to recognize the service of Josephine Ramirez during the February 2023 convening to discuss how cities shape and advance ambitious aspirations for arts, culture and design",www.musiccenter.org,Special Initiatives | Honorarium
"Resist, Inc.",23-35607 - Resource Organizing Project,SpecialInit,23-35607,$500.0000,Awarded,6/30/2023,12,Resource Organizing Project,"To support Resource Organizing Project's 10th Anniversary Celebration to recognize the service of Imari Paris Jeffries during a May 7, 2023 Barr Foundation convening.",https://www.resist.org,Special Initiatives | Honorarium
MASS Design Group LTD,23-35475 - MASS Design Group LTD,SpecialInit,23-35475,$500.0000,Awarded,3/27/2023,6,,"For unrestricted support in recognition of MASS Design Group's staff for facilitation during the March 13, 2023 Barr Staff visit to the Embrace Monument and MASS Design Group's offices",http://www.massdesigngroup.org,Special Initiatives | Honorarium
"Essex County Community Foundation, Inc.","23-35566 - Essex County Community Foundation, Inc.",SpecialInit,23-35566,$500.0000,Awarded,6/7/2023,12,,"For support of the Creative County Initiative to recognize the service of Beth Francis during the June 13, 2023 Barr Foundation Trustee Meeting.",www.eccf.org,Special Initiatives | Honorarium
"Boston Foundation, Inc.","23-35464 - Boston Foundation, Inc.",SpecialInit,23-35464,$500.0000,Awarded,3/27/2023,6,,"For core support of the Boston Foundation's Embrace Boston program in recognition of Ana Maria Medina, Duncan Remage-Healey, Newton Johnson, and Imari Paris Jeffries of Embrace Boston for facilitation during the March 13, 2023 Barr Staff visit to the Embr",https://www.tbf.org,Special Initiatives | Honorarium
"Conservation Law Foundation, Inc.",23-35369 - Slingshot,SpecialInit,23-35369,$500.0000,Awarded,1/31/2023,12,Slingshot,To provide core support to Slingshot to recognize participation of Mireille Bejjani in Barr's website redesign interviews,www.clf.org,Special Initiatives | Honorarium
"Massachusetts Museum of Contemporary Art Foundation, Inc.","23-35414 - Massachusetts Museum of Contemporary Art Foundation, Inc.",SpecialInit,23-35414,"$1,000.0000",Awarded,3/1/2023,12,,"For unrestricted support to recognize the service of Kristy Edmunds during the February 2023 convening to discuss how cities shape and advance ambitious aspirations for arts, culture and design",massmoca.org,Special Initiatives | Honorarium
"Deeply Rooted Productions, Inc.",23-35415 - Deeply Rooted Dance Theater,SpecialInit,23-35415,"$1,000.0000",Awarded,3/1/2023,12,,"For unrestricted support to recognize the service of Michelle Boone during the February 2023 convening to discuss how cities shape and advance ambitious aspirations for arts, culture and design",http://www.deeplyrooteddancetheater.org,Special Initiatives | Honorarium
"MASSCreative, Inc.","23-35563 - MASSCreative, Inc.",Arts,23-35563,"$1,000.0000",Awarded,6/6/2023,12,,For unrestricted support to recognize the service of Emily Ruddock at Culture and Community in a Time of Transformation Convening 5.18.22,www.mass-creative.org,Arts and Creativity | Honorarium
Trustees of Boston University,23-35379 - Boston Women's Workforce Council,Membership,23-35379,"$1,000.0000",Awarded,1/31/2023,12,Boston Women's Workforce Council,To provide a one-time sponsorship in recognition of the Boston Women's Workforce Council's 10th Anniversary as it conducts the 2023 Wage Gap Measurement Program,www.bu.edu,Memberships and Sponsorships | Sponsorships
"PEAK Grantmaking, Inc.","23-35367 - PEAK Grantmaking, Inc.",Membership,23-35367,"$10,000.0000",Awarded,1/31/2023,12,,to support the Board Alumni Breakfast at PEAK 2023 in Baltimore in recognition of Kerri Hurley's Board Service,peakgrantmaking.org,Memberships and Sponsorships | Sponsorships
"Massachusetts Nonprofit Network, Inc.","23-35348 - Massachusetts Nonprofit Network, Inc.",Membership,23-35348,"$2,500.0000",Awarded,1/4/2023,12,,To support 2024 Barr Foundation membership dues,www.massnonprofitnet.org,Memberships and Sponsorships | Memberships
"Third Sector New England, Inc.",23-35331 - Building Movement Project,Membership,23-35331,"$15,000.0000",Awarded,1/4/2023,12,Building Movement Project,To support 2023 Barr Foundation membership dues,http://www.tsne.org,Memberships and Sponsorships | Memberships
National Committee for Responsive Philanthropy,23-35358 - National Committee for Responsive Philanthropy,Membership,23-35358,"$20,000.0000",Awarded,1/4/2023,12,,To provide member support for 2023 to the NCRP,https://www.ncrp.org,Memberships and Sponsorships | Memberships
"Media Impact Funders, Inc.","23-35355 - Media Impact Funders, Inc.",Membership,23-35355,"$5,000.0000",Awarded,1/4/2023,12,,To support 2023 Barr Foundation membership dues,http://www.mediaimpactfunders.org,Memberships and Sponsorships | Memberships
Communication Network,23-35325 - Communication Network,Membership,23-35325,"$20,000.0000",Awarded,1/4/2023,12,,To support 2023 Barr Foundation membership dues,www.comnetwork.org,Memberships and Sponsorships | Memberships
Independent Sector,23-35328 - Independent Sector,Membership,23-35328,"$17,500.0000",Awarded,1/4/2023,12,,To support 2023 Barr Foundation membership dues,http://www.independentsector.org,Memberships and Sponsorships | Memberships
"Association of Black Foundation Executives, Inc.","23-35333 - Association of Black Foundation Executives, Inc.",Membership,23-35333,"$10,000.0000",Awarded,1/4/2023,12,,To support 2023 Barr Foundation membership dues,www.abfe.org,Memberships and Sponsorships | Memberships
"The Funders Network, Inc.","23-35319 - The Funders Network, Inc.",Membership,23-35319,"$8,900.0000",Awarded,1/4/2023,12,,To support 2023 Barr Foundation Membership Dues,www.fundersnetwork.org,Memberships and Sponsorships | Memberships
Grantmakers in the Arts,23-35339 - Grantmakers in the Arts,Membership,23-35339,"$23,190.0000",Awarded,1/4/2023,12,,To support 2023 Barr Foundation membership dues,giarts.org,Memberships and Sponsorships | Memberships
"PEAK Grantmaking, Inc.","23-35326 - PEAK Grantmaking, Inc.",Membership,23-35326,"$9,250.0000",Awarded,1/4/2023,12,,To support 2023 Barr Foundation membership dues,peakgrantmaking.org,Memberships and Sponsorships | Memberships
"Philanthropy Massachusetts, Inc.",23-35338 - Boston Education Funders,Membership,23-35338,"$3,000.0000",Awarded,1/4/2023,12,Boston Education Funders,To support 2023 Barr Foundation Membership Dues for Boston Education Funders,www.philanthropyma.org,Memberships and Sponsorships | Memberships
Technology Association of Grantmakers,23-35351 - Technology Association of Grantmakers,Membership,23-35351,"$5,000.0000",Awarded,1/4/2023,12,,To support 2023 Barr Foundation membership dues,www.tagtech.org,Memberships and Sponsorships | Memberships
Hispanics in Philanthropy,23-35321 - Hispanics in Philanthropy,Membership,23-35321,"$15,000.0000",Awarded,1/4/2023,12,,To support 2023 Barr Foundation Membership Dues,https://www.hipfunds.org,Memberships and Sponsorships | Memberships
Consultative Group on Biological Diversity,23-35334 - Consultative Group on Biological Diversity,Membership,23-35334,"$10,000.0000",Awarded,1/4/2023,12,,for 2023 Barr Foundation member support for the Climate and Energy Funders Group (CEFG),http://WWW.BIODIVERSITYFUNDERS.ORG,Memberships and Sponsorships | Memberships
Native Americans in Philanthropy,23-35659 - Native Americans in Philanthropy,Membership,23-35659,"$10,000.0000",Awarded,6/28/2023,12,,For 2023 Barr Membership Dues,www.nativephilanthropy.org,Memberships and Sponsorships | Memberships
"Council on Foundations, Inc.","23-35357 - Council on Foundations, Inc.",Membership,23-35357,"$24,000.0000",Awarded,1/4/2023,12,,To support 2023 Barr Foundation membership dues,https://www.cof.org,Memberships and Sponsorships | Memberships
Environmental Grantmakers Association,23-35335 - Environmental Grantmakers Association,Membership,23-35335,"$26,000.0000",Awarded,1/4/2023,12,,To support 2023 Barr Foundation Membership Dues,http://www.ega.org,Memberships and Sponsorships | Memberships
Asian American-Pacific Islanders in Philanthropy,23-35320 - Asian American-Pacific Islanders in Philanthropy,Membership,23-35320,"$10,000.0000",Awarded,1/4/2023,12,,To support 2023 Barr Foundation Membership Dues,aapip.org,Memberships and Sponsorships | Memberships
"City Parks Alliance, Inc.","23-35336 - City Parks Alliance, Inc.",Membership,23-35336,"$2,500.0000",Awarded,1/4/2023,12,,To support 2023 Barr Foundation Membership Dues,www.cityparksalliance.org,Memberships and Sponsorships | Memberships
"Grantmakers Council of Rhode Island, Inc.","23-35347 - Grantmakers Council of Rhode Island, Inc.",Membership,23-35347,"$1,500.0000",Awarded,1/4/2023,12,,To support 2023 Barr Foundation membership dues,,Memberships and Sponsorships | Memberships
Grantmakers for Education,23-35341 - Grantmakers for Education,Membership,23-35341,"$10,700.0000",Awarded,1/4/2023,12,,To support 2023 Barr Foundation membership dues,www.edfunders.org,Memberships and Sponsorships | Memberships
"New England Blacks in Philanthropy, Inc.","23-35342 - New England Blacks in Philanthropy, Inc.",Membership,23-35342,"$1,500.0000",Awarded,1/4/2023,12,,To support 2023 Barr Foundation membership dues,https://www.nebip.org,Memberships and Sponsorships | Memberships
"Philanthropy Massachusetts, Inc.","23-35353 - Philanthropy Massachusetts, Inc.",Membership,23-35353,"$22,250.0000",Awarded,1/4/2023,12,,To support 2023 Barr Foundation membership dues,www.philanthropyma.org,Memberships and Sponsorships | Memberships
National Public Education Support Fund,23-35340 - National Public Education Support Fund,Membership,23-35340,"$10,000.0000",Awarded,1/4/2023,12,,To support 2023 Barr Foundation membership dues,http://www.npesf.org,Memberships and Sponsorships | Memberships
Grantmakers for Effective Organizations,23-35359 - Grantmakers for Effective Organizations,Membership,23-35359,"$16,000.0000",Awarded,1/4/2023,12,,To support 2023 Barr Foundation membership dues,www.geofunders.org,Memberships and Sponsorships | Memberships
Innovation Network for Communities,23-35663 - The Climate Beacon Project Inc.,Climate,23-35663,"$10,000.0000",Awarded,7/21/2023,6,The Climate Beacon Project Inc.,to support the 2023 Climate Beacon Conference,http://IN4C.NET,Climate | Climate Resilience | Build Awareness of Climate Impacts
"Conservation Law Foundation, Inc.","23-35366 - Massachusetts Environmental Education Society, Inc.",Climate,23-35366,"$7,500.0000",Awarded,2/28/2023,12,"Massachusetts Environmental Education Society, Inc.",to support the Climate Adaptation Forum organized quarterly by the Environmental Business Council of New England and the University of Massachusetts Boston - Sustainable Solutions Lab,www.clf.org,Climate | Climate Resilience | Build Awareness of Climate Impacts
Allston Brighton Community Development Corporation,23-35517 - Allston Brighton Health Collaborative,Climate,23-35517,"$75,000.0000",Awarded,6/7/2023,24,Allston Brighton Health Collaborative,to support organizing and advocacy for mobility and climate resilience in Allston and Brighton,www.allstonbrightoncdc.org,Climate | Climate Resilience | Advance Policy and Implementation
"Mystic River Watershed Association, Inc.","23-35480 - Mystic River Watershed Association, Inc.",Climate,23-35480,"$1,950,000.0000",Awarded,6/13/2023,36,,"To support projects and efforts to develop climate resilience, greenways, and waterfront access",www.mysticriver.org,Climate | Climate Resilience | Integrate Resilience Into the Fabric of Cities
"Cambridge Community Center, Inc.","23-35646 - Cambridge Community Center, Inc.",Climate,23-35646,"$75,000.0000",Awarded,7/21/2023,12,,to support the creation of a resilience hub at the Cambridge Community Center,www.cambndgecc.org,Climate | Climate Resilience | Integrate Resilience Into the Fabric of Cities
"Charles River Watershed Association, Inc.","23-35584 - Charles River Watershed Association, Inc.",Climate,23-35584,"$600,000.0000",Awarded,6/30/2023,24,,To increase the climate resiliency of the Charles River watershed,https://www.crwa.org/,Climate | Climate Resilience | Integrate Resilience Into the Fabric of Cities
Massachusetts Foundation for the Humanities,23-35680 - Massachusetts Foundation for the Humanities,Arts,23-35680,"$50,000.0000",Awarded,7/21/2023,12,,To provide additional support for Expanding Massachusetts Stories,www.masshumanities.org,Arts and Creativity | Activate Public Support | Media and Communications
Clean Water Fund,23-35616 - Clean Water Fund,Climate,23-35616,"$75,000.0000",Awarded,7/21/2023,12,,to support a youth leadership development pilot to create pathways for youth leadership in the climate and environmental movement in Massachusetts,www.cleanwaterfund.org,Climate | Climate (Top Level)
Hyams Foundation,23-35478 - Hyams Foundation,Climate,23-35478,"$775,000.0000",Awarded,6/7/2023,24,,To support climate justice movement building infrastructure in MA,www.hyamsfoundation.org,Climate | Climate (Top Level)
"Environmental Defense Fund, Inc.","23-35585 - Environmental Defense Fund, Inc.",Climate,23-35585,"$20,000.0000",Awarded,6/6/2023,6,,to hire a consultant to support a racial equity peer learning group with other Climate Program grantees,www.edf.org,Climate | Climate (Top Level)
One Square World,23-35654 - One Square World,Climate,23-35654,"$900,000.0000",Awarded,7/21/2023,36,,to provide general operating support,http://www.onesquareworld.org,Climate | Climate (Top Level)
Amalgamated Charitable Foundation Inc,23-35676 - Communities First Fund,Climate,23-35676,"$300,000.0000",Awarded,7/21/2023,24,Communities First Fund,"to support regional convenings of federal, state, philanthropic and local leaders on equitable implementation of federal funding",,Climate | Climate (Top Level)
"Northeast Energy Efficiency Partnerships, Inc.","23-35553 - Northeast Energy Efficiency Partnerships, Inc.",Climate,23-35553,"$5,000.0000",Awarded,6/6/2023,12,,to support conference registration scholarships for the Northeast Energy Efficiency Partnership's 2023 Annual Summit in New Haven,neep.org,Climate | Clean Energy
City of Providence,22-35285 - City of Providence,Climate,22-35285,"$30,000.0000",Awarded,1/31/2023,12,,To support racial equity training for Sustainability Department staff and key partners,https://www.providenceri.com/,Climate | Clean Energy
Regulatory Assistance Project,22-35283 - Regulatory Assistance Project,Climate,22-35283,"$300,000.0000",Awarded,1/31/2023,36,,To support clean energy regulatory work in New England,http://WWW.RAPONLINE.ORG,Climate | Clean Energy
"Mystic River Watershed Association, Inc.","23-35485 - Mystic River Watershed Association, Inc.",Climate,23-35485,"$200,000.0000",Awarded,5/2/2023,12,,to jointly manage an Extreme Heat Task Force to implement cooling strategies in the most COVID impacted communities of Greater Boston,www.mysticriver.org,Climate | Clean Energy
Advanced Energy Economy Institute dba Advanced Energy Institute,23-35402 - Advanced Energy Economy Institute,Climate,23-35402,"$270,000.0000",Awarded,3/27/2023,36,,"To engage in the regional wholesale electric market and inform distributed energy resource policy in  Connecticut, Massachusetts, and Rhode Island",https://www.aee.net/aeei,Climate | Clean Energy
United States Energy Foundation,22-35248 - United States Energy Foundation,Climate,22-35248,"$3,425,000.0000",Awarded,3/8/2023,12,,To accelerate the transition to clean energy in the Northeast,http://ef.org,Climate | Clean Energy
"350VERMONT, Inc.","23-35399 - 350VERMONT, Inc.",Climate,23-35399,"$130,000.0000",Awarded,3/27/2023,24,,to support grassroots campaigns on environmental justice and energy affordability in Vermont,350vermont.org,Climate | Clean Energy
"Applied Economics Clinic, Inc.","22-35287 - Applied Economics Clinic, Inc.",Climate,22-35287,"$375,000.0000",Awarded,1/31/2023,36,,To support independent clean energy research and analysis in New England,http://WWW.AECLINIC.ORG,Climate | Clean Energy
Renew New England Alliance,23-35612 - Renew New England Alliance,Climate,23-35612,"$750,000.0000",Awarded,7/21/2023,24,,to provide general operating support,https://www.renewnewenglandalliance.org/,Climate | Clean Energy
"Conservation Law Foundation, Inc.",23-35542 - Slingshot,Climate,23-35542,"$400,000.0000",Awarded,6/30/2023,24,Slingshot,to support Slingshot's energy programs,www.clf.org,Climate | Clean Energy
"Connecticut Roundtable on Climate and Jobs, Inc.","23-35458 - Connecticut Roundtable on Climate and Jobs, Inc.",Climate,23-35458,"$315,000.0000",Awarded,5/2/2023,36,,to provide general operating support,,Climate | Clean Energy
Center for the Study of Public Policy Incorporated,23-35457 - Building Electrification Accelerator,Climate,23-35457,"$100,000.0000",Awarded,5/2/2023,12,Building Electrification Accelerator,to support the Building Electrification Accelerator's local government learning cohorts and city-based project work on decarbonization,,Climate | Clean Energy
"Rights and Democracy Education Fund, Inc. d.b.a. Rights and Democracy Institute","23-35455 - Rights and Democracy Education Fund, Inc.",Climate,23-35455,"$400,000.0000",Awarded,6/7/2023,24,,to support advocacy on clean energy and energy affordability in Vermont and New Hampshire,https://www.rights-democracy.org/,Climate | Clean Energy
"Clean Energy States Alliance, Inc.","23-35459 - Clean Energy States Alliance, Inc.",Climate,23-35459,"$190,000.0000",Awarded,5/2/2023,24,,To support informing the development of equitable offshore wind policies in the Northeast,www.cesa.org,Climate | Clean Energy
Vote Solar,23-35474 - Vote Solar,Climate,23-35474,"$250,000.0000",Awarded,6/7/2023,24,,to sustain and expand distributed energy resources in the Northeast,votesolar.org,Climate | Clean Energy
"Clean Energy Group, Inc.","22-35286 - Clean Energy Group, Inc.",Climate,22-35286,"$310,000.0000",Awarded,2/28/2023,24,,to support equitable deployment of energy storage and fossil peaker plant decomissioning in New England,www.cleanegroup.org,Climate | Clean Energy
Sierra Club Foundation,22-35288 - Sierra Club Foundation,Climate,22-35288,"$160,000.0000",Awarded,2/28/2023,24,,to support grassroots efforts to inform equitable clean energy policies in Massachusetts,www.sierraclubfoundation.org,Climate | Clean Energy
"Partnership Project, Inc.",23-35489 - Climate Advocacy Lab,Climate,23-35489,"$200,000.0000",Awarded,6/6/2023,36,Climate Advocacy Lab,to provide capacity building support to climate advocates in New England,http://WWW.SAVEOURENVIRONMENT.ORG,Climate | Clean Energy
"Resist, Inc.",23-35460 - Boston Climate Action Network,Climate,23-35460,"$60,000.0000",Awarded,7/21/2023,18,Boston Climate Action Network,To support research on experiences with Mass Save and capacity building within Boston-based community organizations,https://www.resist.org,Climate | Clean Energy
Innovation Network for Communities,23-35552 - Building Electrification Institute,Climate,23-35552,"$300,000.0000",Awarded,6/30/2023,24,Building Electrification Institute,To support equitable electrification in Burlington and the state of Vermont,http://IN4C.NET,Climate | Clean Energy
"Mothers Out Front, Inc.","23-35400 - Mothers Out Front, Inc.",Climate,23-35400,"$200,000.0000",Awarded,6/30/2023,24,,to support building a movement of mothers in Massachusetts working for clean energy and climate action,www.mothersoutfront.org,Climate | Clean Energy
"Unitarian Universalist Massachusetts Action Network, Inc.","23-35581 - Unitarian Universalist Massachusetts Action Network, Inc.",Climate,23-35581,"$120,000.0000",Awarded,7/21/2023,24,,to support the facilitation of the Mass Power Forward coalition,www.uumassaction.org,Climate | Clean Energy
Acadia Center,23-35404 - Acadia Center,Climate,23-35404,"$1,440,000.0000",Awarded,6/13/2023,36,,"To advance energy and building decarbonization policies in New England, through research and non-partisan analysis, stakeholder engagement and education, and regulatory activities",https://acadiacenter.org/,Climate | Clean Energy
Sharing Inc. DBA Shareable,23-35450 - Sharing Inc. DBA Shareable,Climate,23-35450,"$10,000.0000",Awarded,5/2/2023,12,,to support public access to the Cities at Tufts Colloquium.,https://www.shareable.net/,Climate | Climate Resilience
"Mystic River Watershed Association, Inc.","23-35485 - Mystic River Watershed Association, Inc.",Climate,23-35485,"$200,000.0000",Awarded,5/2/2023,12,,to jointly manage an Extreme Heat Task Force to implement cooling strategies in the most COVID impacted communities of Greater Boston,www.mysticriver.org,Climate | Climate Resilience
"Clean Energy Group, Inc.","22-35286 - Clean Energy Group, Inc.",Climate,22-35286,"$90,000.0000",Awarded,2/28/2023,24,,to support equitable deployment of energy storage and fossil peaker plant decomissioning in New England,www.cleanegroup.org,Climate | Climate Resilience
"Resist, Inc.",23-35460 - Boston Climate Action Network,Climate,23-35460,"$40,000.0000",Awarded,7/21/2023,18,Boston Climate Action Network,To support research on experiences with Mass Save and capacity building within Boston-based community organizations,https://www.resist.org,Climate | Climate Resilience
Innovation Network for Communities,23-35663 - The Climate Beacon Project Inc.,Climate,23-35663,"$20,000.0000",Awarded,7/21/2023,6,The Climate Beacon Project Inc.,to support the 2023 Climate Beacon Conference,http://IN4C.NET,Climate | Clean Energy | Support National and Local Networks
Merrimack Valley Regional Transit Authority,23-35644 - Merrimack Valley Regional Transit Authority,Climate,23-35644,"$500,000.0000",Awarded,7/21/2023,24,,to support rider-focused transit innovation,,Climate | Mobility | Modernize the Region's Transportation System
"Bikes Not Bombs, Inc.","23-35513 - Bikes Not Bombs, Inc.",Climate,23-35513,"$900,000.0000",Awarded,6/7/2023,24,,"To support increased access to bike shop services and community engagement on transportation issues in Dorchester, Mattapan, and Roxbury",www.bikesnotbombs.org,Climate | Mobility | Modernize the Region's Transportation System
"National Association of City Transportation Officials, Inc.","23-35380 - National Association of City Transportation Officials, Inc.",Climate,23-35380,"$75,000.0000",Awarded,2/28/2023,6,,To support a delegation of municipal leaders from Massachusetts attending the Designing Cities Conference,http://WWW.NACTO.ORG,Climate | Mobility | Modernize the Region's Transportation System
Institute for Transportation and Development Policy,23-35512 - Institute for Transportation and Development Policy,Climate,23-35512,"$475,000.0000",Awarded,6/7/2023,12,,to provide an exit grant for BostonBRT,http://www.itdp.org,Climate | Mobility | Modernize the Region's Transportation System
"National Association of City Transportation Officials, Inc.","23-35514 - National Association of City Transportation Officials, Inc.",Climate,23-35514,"$400,000.0000",Awarded,6/7/2023,24,,to support guidance and capacity building for the public sector transportation field,http://WWW.NACTO.ORG,Climate | Mobility | Modernize the Region's Transportation System
Allston Brighton Community Development Corporation,23-35517 - Allston Brighton Health Collaborative,Climate,23-35517,"$130,000.0000",Awarded,6/7/2023,24,Allston Brighton Health Collaborative,to support organizing and advocacy for mobility and climate resilience in Allston and Brighton,www.allstonbrightoncdc.org,Climate | Mobility | Modernize the Region's Transportation System
Massachusetts Public Health Association,23-35394 - Massachusetts Public Health Association,Climate,23-35394,"$200,000.0000",Awarded,3/27/2023,24,,"To support transportation and public health-related coalition strategy, communications, and advocacy",www.mapublichealth.org,Climate | Mobility | Modernize the Region's Transportation System
"Alternatives for Community and Environment, Inc.","23-35681 - Alternatives for Community and Environment, Inc.",Climate,23-35681,"$25,000.0000",Awarded,7/21/2023,9,,to support a climate and housing justice coalition,www.ace-ej.org,Climate | Mobility | Develop Low-Carbon Communities
Allston Brighton Community Development Corporation,23-35517 - Allston Brighton Health Collaborative,Climate,23-35517,"$55,000.0000",Awarded,6/7/2023,24,Allston Brighton Health Collaborative,to support organizing and advocacy for mobility and climate resilience in Allston and Brighton,www.allstonbrightoncdc.org,Climate | Mobility | Develop Low-Carbon Communities
Innovation Network for Communities,23-35663 - The Climate Beacon Project Inc.,Climate,23-35663,"$20,000.0000",Awarded,7/21/2023,6,The Climate Beacon Project Inc.,to support the 2023 Climate Beacon Conference,http://IN4C.NET,Climate | Mobility | Other
"Norman B. Leventhal Map Center, Inc.","22-35182 - Norman B. Leventhal Map Center, Inc.",Climate,22-35182,"$40,000.0000",Awarded,1/4/2023,18,,To support a history and future of transportation exhibit,https://www.leventhalmap.org/,Climate | Mobility | Other
"New England Foundation for the Arts, Inc.","22-35302 - New England Foundation for the Arts, Inc.",Arts,22-35302,"$2,800,000.0000",Awarded,6/13/2023,24,,To further instill a spatial justice lens in the Public Art programs,https://www.nefa.org/,Arts and Creativity | Foster Cross-Sectoral Relationships | Creative Placemaking
"Massachusetts Museum of Contemporary Art Foundation, Inc.","22-35305 - Massachusetts Museum of Contemporary Art Foundation, Inc.",Arts,22-35305,"$1,000,000.0000",Awarded,6/30/2023,12,,"To support the first phase of long-term planning, community development, and sustainability initiatives",massmoca.org,Arts and Creativity | Foster Cross-Sectoral Relationships | Creative Placemaking
Massachusetts Development Finance Agency,22-35296 - Massachusetts Development Finance Agency,Arts,22-35296,"$1,000,000.0000",Awarded,6/30/2023,24,,To support real estate and capital investments in Transformative Development Initiative Districts,http://www.massdevelopment.com,Arts and Creativity | Foster Cross-Sectoral Relationships | Creative Placemaking
Freshgrass Public Foundation,23-35660 - The Office,Arts,23-35660,"$50,000.0000",Awarded,7/21/2023,5,The Office,To support the Little Amal 2023 North American tour,https://freshgrassfoundation.org/,Arts and Creativity | Foster Cross-Sectoral Relationships | Creative Placemaking
"New England Blacks in Philanthropy, Inc.","23-35462 - New England Blacks in Philanthropy, Inc.",SectorEffect,23-35462,"$300,000.0000",Awarded,6/30/2023,36,,To provide general operating support,https://www.nebip.org,Sector Effectiveness | Support the Philanthropic and Nonprofit Sector | General Infrastructure
Independent Sector,23-35522 - Independent Sector,SectorEffect,23-35522,"$400,000.0000",Awarded,6/30/2023,36,,To provide core support,http://www.independentsector.org,Sector Effectiveness | Support the Philanthropic and Nonprofit Sector | General Infrastructure
United Philanthropy Forum,23-35445 - United Philanthropy Forum,SectorEffect,23-35445,"$150,000.0000",Awarded,5/2/2023,36,,To provide general operating support,www.unitedphilforum.org,Sector Effectiveness | Support the Philanthropic and Nonprofit Sector | General Infrastructure
"Council on Foundations, Inc.","23-35524 - Council on Foundations, Inc.",SectorEffect,23-35524,"$60,000.0000",Awarded,6/30/2023,24,,To provide general operating support.,https://www.cof.org,Sector Effectiveness | Support the Philanthropic and Nonprofit Sector | General Infrastructure
"Social Innovation Forum, Inc.","23-35678 - Social Innovation Forum, Inc.",SectorEffect,23-35678,"$40,000.0000",Awarded,7/21/2023,12,,To provide leadership transition support,http://socialinnovationforum.org/,Sector Effectiveness | Support the Philanthropic and Nonprofit Sector | Targeted Support
The Lenny Zakim Fund,23-35543 - The Lenny Zakim Fund,SectorEffect,23-35543,"$50,000.0000",Awarded,6/30/2023,12,,To support the Lenny Zakim Fund to develop a multi-year capacity-building curriculum for their partner organizations and leaders,thelennyzakimfund.org,Sector Effectiveness | Support the Philanthropic and Nonprofit Sector | Targeted Support
"Rockefeller Philanthropy Advisors, Inc.",23-35483 - Fund for Shared Insight,SectorEffect,23-35483,"$1,200,000.0000",Awarded,6/13/2023,36,Fund for Shared Insight,To provide a final round of core support for its Fund for Shared Insight program,www.rockpa.org,Sector Effectiveness | Support the Philanthropic and Nonprofit Sector | Targeted Support
Tides Center,23-35651 - Listen4Good,SectorEffect,23-35651,"$180,000.0000",Awarded,7/21/2023,24,Listen4Good,to support the launch of the New England Equitable Access Project,http://www.tides.org,Sector Effectiveness | Support the Philanthropic and Nonprofit Sector | Targeted Support
"Flourish Agenda, Inc.","23-35446 - Flourish Agenda, Inc.",SpecialInit,23-35446,"$350,000.0000",Awarded,6/7/2023,18,,to build and design a Four Pivots learning toolkit for the philanthropic field,flourishagenda.com,Special Initiatives
Capitol Region Education Council,23-35529 - Capitol Region Education Council,Education,23-35529,"$100,000.0000",Awarded,6/13/2023,12,,To plan for a reimagined high school experience as part of the Meeting the Moment cohort,www.crec.org,Education | New Models
Winooski School District,23-35629 - Winooski School District,Education,23-35629,"$250,000.0000",Awarded,7/21/2023,24,,To support Winooski Middle High School as part of the sustainability phase of the Wider Learning Ecosystem cohort,www.wsdschools.org,Education | New Models
Agawam Public Schools,23-35531 - Agawam Public Schools,Education,23-35531,"$100,000.0000",Awarded,6/13/2023,12,,To plan for a reimagined high school experience as part of the Meeting the Moment cohort,,Education | New Models
Prospect Hill Academy Charter School Foundation,23-35602 - Prospect Hill Academy Charter School Foundation,Education,23-35602,"$100,000.0000",Awarded,6/30/2023,12,,To build capacity for Prospect Hill's pedagogical transformation towards student-centered project-based instruction,www.phacs.org,Education | New Models
Lowell Public Schools,23-35634 - Lowell Public Schools,Education,23-35634,"$300,000.0000",Awarded,7/21/2023,12,,to continue the design and early implementation of a reimagined high school experience in alignment with the Portrait of a Graduate,,Education | New Models
Barnstable Public Schools,23-35532 - Barnstable Public Schools,Education,23-35532,"$100,000.0000",Awarded,6/13/2023,12,,To plan for a reimagined high school experience as part of the Meeting the Moment cohort,https://www.barnstable.k12.ma.us/,Education | New Models
Central Falls School District,22-35275 - Central Falls School District,Education,22-35275,"$450,000.0000",Awarded,1/4/2023,30,,To support teacher capacity building and the development of an instructional coaching model,www.cfschools.net,Education | New Models
Milford Public Schools,23-35537 - Milford Public Schools,Education,23-35537,"$100,000.0000",Awarded,6/13/2023,12,,To plan for a reimagined high school experience as part of the Meeting the Moment cohort,,Education | New Models
Grantmakers for Education,23-35608 - Grantmakers for Education,Education,23-35608,"$30,000.0000",Awarded,6/30/2023,6,,to support the second season of the Future of Smart Podcast,www.edfunders.org,Education | New Models
Millbury Public Schools,23-35538 - Millbury Public Schools,Education,23-35538,"$100,000.0000",Awarded,6/13/2023,12,,To plan for a reimagined high school experience as part of the Meeting the Moment cohort,www.millburyschools.org,Education | New Models
Area Cooperative Educational Services,23-35603 - Area Cooperative Educational Services,Education,23-35603,"$140,000.0000",Awarded,6/30/2023,12,,To support the systemic design and implementation of schoolwide structures to assist with the Aces at Chase school transformation from a 6-8 school to a 6-12 innovative STEAM school,www.aces.org,Education | New Models
Taunton Public Schools,23-35539 - Taunton Public Schools,Education,23-35539,"$100,000.0000",Awarded,6/13/2023,12,,To plan for a reimagined high school experience as part of the Meeting the Moment cohort,www.tauntonschools.org,Education | New Models
Chelsea Public Schools,23-35528 - Chelsea Public Schools,Education,23-35528,"$100,000.0000",Awarded,6/13/2023,12,,To plan for a reimagined high school experience as part of the Meeting the Moment cohort,www.chelseaschools.com,Education | New Models
Gateway Regional School District,23-35535 - Gateway Regional School District,Education,23-35535,"$100,000.0000",Awarded,6/13/2023,12,,To plan for a reimagined high school experience as part of the Meeting the Moment cohort,,Education | New Models
Franklin School District SAU 18,23-35683 - Franklin School District SAU 18,Education,23-35683,"$150,000.0000",Awarded,7/21/2023,12,,to continue the design and early implementation of a reimagined high school experience in alignment with the Portrait of a Graduate,www.sau18.org,Education | New Models
"Transcend, Inc.","23-35606 - Transcend, Inc.",Education,23-35606,"$500,000.0000",Awarded,6/30/2023,24,,To continue to build and share actionable knowledge to inform innovative school models,HTTP://WWW.TRANSCENDEDUCATION.ORG,Education | New Models
New Venture Fund,23-35641 - Leading Now,Education,23-35641,"$470,000.0000",Awarded,7/21/2023,6,Leading Now,To provide programming to superintendents in New England and to support organizational development,www.newventurefund.org,Education | Invest In Educators
New Venture Fund,22-35273 - Leading Now,Education,22-35273,"$250,000.0000",Awarded,1/4/2023,6,Leading Now,To expand the size and scope of the New England cohort,www.newventurefund.org,Education | Invest In Educators
"Teach for America, Inc.","23-35647 - Teach for America, Inc.",Education,23-35647,"$150,000.0000",Awarded,7/21/2023,12,,To provide core support for Teach for America's Connecticut region,http://www.teachforamerica.org/,Education | Invest In Educators
"Educators for Excellence, Inc.","23-35433 - Educators for Excellence, Inc.",Education,23-35433,"$100,000.0000",Awarded,3/27/2023,12,,To provide general operating support the E4E National,www.e4e.org,Education | Invest In Educators
"TNTP, Inc.","23-35354 - TNTP, Inc.",Education,23-35354,"$1,650,000.0000",Awarded,3/8/2023,9,,To support the implementation plans for local education agencies engaged in the Driving Towards Diversity Cohort,http://tntp.org/,Education | Invest In Educators
National Council on Teacher Quality,23-35484 - National Council on Teacher Quality,Education,23-35484,"$400,000.0000",Awarded,6/7/2023,24,,"To promote coherent, effective clinical training practices for teachers and to catalyze interest in building robust teacher supply and demand datasets in New England and nationally",www.nctq.org,Education | Invest In Educators
"Great Schools Partnership, Inc.","23-35648 - Great Schools Partnership, Inc.",Education,23-35648,"$400,000.0000",Awarded,7/21/2023,12,,To support the on-going Diversifying the Educator Workforce in New England initiative,http://www.greatschoolspartnership.org,Education | Invest In Educators
Relay Graduate School of Education,23-35555 - Relay Graduate School of Education,Education,23-35555,"$600,000.0000",Awarded,6/30/2023,24,,To continue to build from the work of the “Follow the Leader” series to identify and share leadership bright spots and to codify and share learnings from the partnership in Holyoke (MA),https://www.relay.edu/,Education | Invest In Educators
"Education Reform Now, Inc.","23-35412 - Education Reform Now, Inc.",Education,23-35412,"$250,000.0000",Awarded,5/2/2023,24,,To provide core support for Education Reform Now - Massachusetts,edreformnow.org,Education | Building Public Will
"Educators for Excellence, Inc.","23-35571 - Educators for Excellence, Inc.",Education,23-35571,"$250,000.0000",Awarded,6/30/2023,12,,"To provide core support for Educators for Excellence, Boston Chapter",www.e4e.org,Education | Building Public Will
"Our Turn, Inc.","23-35624 - Our Turn, Inc.",Education,23-35624,"$200,000.0000",Awarded,7/21/2023,12,,To support youth organizers in CT and NH and develop report on youth engagement in ESSER fund use decisions,https://www.itsourturn.org,Education | Building Public Will
"50CAN, Inc.","23-35625 - Connecticut Coalition for Achievement Now, Inc.",Education,23-35625,"$5,000.0000",Awarded,6/30/2023,6,"Connecticut Coalition for Achievement Now, Inc.",To support a fellow who will be analyzing educator diversity and funding policy in Rhode Island,www.50can.org,Education | Building Public Will
New Venture Fund,23-35556 - Campaign for Our Shared Future,Education,23-35556,"$300,000.0000",Awarded,6/30/2023,18,Campaign for Our Shared Future,To provide core support for the Campaign for Our Shared Future,www.newventurefund.org,Education | Building Public Will
"Nellie Mae Education Foundation, Inc.","23-35411 - Nellie Mae Education Foundation, Inc.",Education,23-35411,"$200,000.0000",Awarded,5/2/2023,16,,To provide technical assistance and capacity building support for the cohort of Elementary and Secondary School Emergency Relief (ESSER) grantees,http://WWW.NMEFOUNDATION.ORG,Education | Building Public Will
"Boston Schools Fund, Inc.","23-35525 - Boston Schools Fund, Inc.",Education,23-35525,"$700,000.0000",Awarded,6/30/2023,24,,To support general operations,http://www.bostonschoolsfund.org/,Education | Building Public Will
"50CAN, Inc.",23-35541 - SchoolFacts Boston,Education,23-35541,"$400,000.0000",Awarded,6/30/2023,24,SchoolFacts Boston,To provide core support for SchoolFacts Boston,www.50can.org,Education | Building Public Will
Georgetown University,23-35421 - Georgetown University,Education,23-35421,"$140,000.0000",Awarded,6/7/2023,12,,To support FutureEd's AdvocacyLabs research and dissemination,https://www.georgetown.edu/,Education | Building Public Will
Rennie Center for Education Research and Policy,23-35569 - Rennie Center for Education Research and Policy,Education,23-35569,"$75,000.0000",Awarded,7/21/2023,12,,To support work related to the Condition of Education,http://www.renniecenter.org,Education | Building Public Will
"50CAN, Inc.","23-35420 - 50CAN, Inc.",Education,23-35420,"$100,000.0000",Awarded,6/6/2023,12,,"To support the next phase of AdvocacyLabs including a new report, playbook, video series and webinars",www.50can.org,Education | Building Public Will
Parents Leading for Educational Equity,23-35545 - Parents Leading for Educational Equity,Education,23-35545,"$400,000.0000",Awarded,6/30/2023,24,,To support general operations,www. pleeri.org,Education | Building Public Will
Citizens for Juvenile Justice,23-35565 - Citizens for Juvenile Justice,Education,23-35565,"$75,000.0000",Awarded,7/21/2023,12,,To support general operations.,www.cfjj.org,Education | Building Public Will
Georgetown University,23-35682 - Georgetown University,Education,23-35682,"$90,000.0000",Awarded,7/21/2023,6,,To support Edunomics Lab’s work to analyze and publicize data on the potential magnitude of the fiscal cliff in New England districts,https://www.georgetown.edu/,Education | Building Public Will
"Lawyers for Civil Rights, Inc.","23-35554 - Lawyers for Civil Rights, Inc.",Education,23-35554,"$75,000.0000",Awarded,6/30/2023,12,,To support LCR’s work to diversify and democratize access to career vocational technical education (CVTE) schools in Massachusetts.,www.lawyersforcivilrights.org,Education | Building Public Will
"The Record Company, Inc.","23-35493 - The Record Company, Inc.",Arts,23-35493,"$90,000.0000",Awarded,6/30/2023,12,,To support strategic business planning,www.therecordco.org,Arts and Creativity | Organizational Development
"The Berkshire Taconic Community Foundation, Inc.","23-35368 - The Berkshire Taconic Community Foundation, Inc.",Arts,23-35368,"$30,000.0000",Awarded,2/28/2023,8,,To design a development strategy and implementation plan,www.berkshiretaconic.org,Arts and Creativity | Organizational Development
Benjamin Franklin Institute of Technology,23-35645 - Benjamin Franklin Institute of Technology,Racial Wealth Equity,23-35645,"$500,000.0000",Awarded,6/30/2023,12,,To provide a one-time general operating support during an inflection point for organization,www.bfit.edu,Racial Wealth Equity-Special Initiatives
Massachusetts Development Finance Agency,23-35233 - Massachusetts Development Finance Agency,Racial Wealth Equity,22-35233,"$300,000.0000",Awarded,1/4/2023,12,,To support design and planning related to wealth equity initiatives,http://www.massdevelopment.com,Racial Wealth Equity-Special Initiatives
"The Massachusetts LGBT Business Network, Inc.","22-35227 - The Massachusetts LGBT Business Network, Inc.",Racial Wealth Equity,22-35227,"$250,000.0000",Awarded,1/4/2023,12,,To provide general operating support,,Racial Wealth Equity-Special Initiatives
Total,,,,"$44,497,640.0000",,,3030,,,,
,206,,,,,,,,,,
,,,,,,,,,,,
,,,,,,,,,,,
Confidential Information - Do Not Distribute,,,,,,,,,,,
"Copyright © 2000-2023 salesforce.com, inc. All rights reserved.",,,,,,,,,,,