Request Number,Docket Record Name,Organization Name,Grant Amount,grant_amount_number,Amount (Fund-Coding),program_areas,strategies,Grant Purpose,Award Date,Fund Name,Award Year,Department
5334,"5334 - Oxfam-America, Inc.","Oxfam-America, Inc.","$350,000.00","350,000.00","$175,000.00",Former Global Program,,Artibonite Valley SRI Expansion Project,6/4/2014,Global Grants,2014,Old
5478,"5478 - Bessie Tartt Wilson Initiative for Children, Inc.","Bessie Tartt Wilson Initiative for Children, Inc.","$250,000.00","250,000.00","$125,000.00",Education,,"""Strengthening Early Education and Care in Massachusetts""",9/17/2014,Grants,2014,Education
5553,5553 - Pathfinder International,Pathfinder International,"$800,000.00","800,000.00","$400,000.00",Former Global Program,,"Population, Health, and the Environment Program in East Africa",9/17/2014,Global Grants,2014,Old
5747,5747 - Innovation Network for Communities,Innovation Network for Communities,"$1,160,000.00","1,160,000.00","$580,000.00",Climate,Clean Energy,Boston Green Ribbon Commission,3/2/2015,Grants,2015,Climate
5755,5755 - Smart Growth America,Smart Growth America,"$500,000.00","500,000.00","$190,000.00",Climate,Mobility,its LOCUS program,3/2/2015,Grants,2015,Climate
6027,6027 - United Way of Massachusetts Bay and Merrimack Valley,United Way of Massachusetts Bay and Merrimack Valley,"$200,000.00","200,000.00","$100,000.00",Education,,To provide operating support as Thrive in 5 pursues its current school-readiness agenda and simultaneously determines its path going forward.,9/16/2015,Grants,2015,Education
6115,6115 - Stand for Children Leadership Center,Stand for Children Leadership Center,"$400,000.00","400,000.00","$200,000.00",Education,,To provide core operating support for Stand for Children Massachusetts and its family engagement and organizing so that children have increased access to high-quality early and K-12 education,12/2/2015,Grants,2015,Education
6269,6269 - Metropolitan Area Planning Council,Metropolitan Area Planning Council,"$4,250,000.00","4,250,000.00","$3,187,500.00",Climate,Mobility,"to support mobility, clean energy, and climate resiliency planning within MAPC's region",3/2/2016,Grants,2016,Climate
6656,6656 - Innovation Network for Communities,Innovation Network for Communities,"$75,000.00","75,000.00","$37,500.00",Climate,Climate Resilience,To provide supplemental support for the European climate innovations study trip focused on carbon neutrality and long-term climate resilience,8/2/2016,Grants,2016,Climate
6662,6662 - City of Boston,City of Boston,"$835,000.00","835,000.00","$417,500.00",Climate,Climate Resilience,To support community-level resilience projects as part of Climate Ready Boston Phase II,12/7/2016,Grants,2016,Climate
6677,"6677 - Conservation Law Foundation, Inc.","Conservation Law Foundation, Inc.","$1,200,000.00","1,200,000.00","$600,000.00",Climate,Clean Energy,to support regional climate policy and practice,12/7/2016,Grants,2016,Climate
6700,6700 - Greater Boston Chamber of Commerce,Greater Boston Chamber of Commerce,"$75,000.00","75,000.00","$37,500.00",Sector Effectiveness,Decision Making,To support its Greater Boston Chamber of Commerce City Awake Delegates program for next-generation civic discourse and leadership,8/31/2016,Grants,2016,SectorEffect
16-01402,16-01402 - Innovation Network for Communities,Innovation Network for Communities,"$1,400,000.00","1,400,000.00","$700,000.00",Climate,Climate Resilience,To support core operations of the Green Ribbon Commission and its working groups,3/8/2017,Grants,2017,Climate
16-01402--2,16-01402--2 - Innovation Network for Communities,Innovation Network for Communities,"$1,400,000.00","1,400,000.00","$700,000.00",Climate,Clean Energy,To support core operations of the Green Ribbon Commission and its working groups,3/8/2017,Grants,2017,Climate
16-01431,16-01431 - Environmental Grantmakers Association,Environmental Grantmakers Association,"$80,000.00","80,000.00","$40,000.00",Climate,Clean Energy,To support the EGA Environmental Fellowship Program and the placement of four fellows in Barr grantee organizations,11/30/2016,Grants,2016,Climate
16-01431--2,16-01431--2 - Environmental Grantmakers Association,Environmental Grantmakers Association,"$80,000.00","80,000.00","$40,000.00",Climate,Mobility,To support the EGA Environmental Fellowship Program and the placement of four fellows in Barr grantee organizations,11/30/2016,Grants,2016,Climate
17-06412,"17-06412 - Union of Concerned Scientists, Inc.","Union of Concerned Scientists, Inc.","$600,000.00","600,000.00","$300,000.00",Climate,Climate Resilience,"to support analysis, outreach, and policy education on climate change impacts",9/27/2017,Grants,2017,Climate
17-06412--2,"17-06412--2 - Union of Concerned Scientists, Inc.","Union of Concerned Scientists, Inc.","$600,000.00","600,000.00","$300,000.00",Climate,Climate Resilience,"to support analysis, outreach, and policy education on climate change impacts",9/27/2017,Grants,2017,Climate
17-06436,"17-06436 - Greater Worcester Community Foundation, Inc.","Greater Worcester Community Foundation, Inc.","$500,000.00","500,000.00","$125,000.00",Arts & Creativity,Spanning Sectors,To support the Creative Arts Grant and Community Convening Initiative,12/5/2017,Grants,2017,Arts
17-06436--2,"17-06436--2 - Greater Worcester Community Foundation, Inc.","Greater Worcester Community Foundation, Inc.","$500,000.00","500,000.00","$375,000.00",Arts & Creativity,Adapting Boldly,To support the Creative Arts Grant and Community Convening Initiative,12/5/2017,Grants,2017,Arts
17-06438,"17-06438 - Community Foundation of Southeastern Massachusetts, Inc.","Community Foundation of Southeastern Massachusetts, Inc.","$500,000.00","500,000.00","$200,000.00",Arts & Creativity,Spanning Sectors,"To support the Arts, Culture, and Creativity: What's Next? Initiative",12/5/2017,Grants,2017,Arts
17-06438--2,"17-06438--2 - Community Foundation of Southeastern Massachusetts, Inc.","Community Foundation of Southeastern Massachusetts, Inc.","$500,000.00","500,000.00","$300,000.00",Arts & Creativity,Adapting Boldly,"To support the Arts, Culture, and Creativity: What's Next? Initiative",12/5/2017,Grants,2017,Arts
17-06439,"17-06439 - Essex County Community Foundation, Inc.","Essex County Community Foundation, Inc.","$500,000.00","500,000.00","$150,000.00",Arts & Creativity,Adapting Boldly,To support the Creative County Initiative,12/5/2017,Grants,2017,Arts
17-06439--2,"17-06439--2 - Essex County Community Foundation, Inc.","Essex County Community Foundation, Inc.","$500,000.00","500,000.00","$350,000.00",Arts & Creativity,Spanning Sectors,To support the Creative County Initiative,12/5/2017,Grants,2017,Arts
17-06440,"17-06440 - The Berkshire Taconic Community Foundation, Inc.","The Berkshire Taconic Community Foundation, Inc.","$500,000.00","500,000.00","$150,000.00",Arts & Creativity,Spanning Sectors,To pilot the Berkshire Arts and Creativity Initiative to increase access to the arts for Berkshire County residents,12/5/2017,Grants,2017,Arts
17-06440--2,"17-06440--2 - The Berkshire Taconic Community Foundation, Inc.","The Berkshire Taconic Community Foundation, Inc.","$500,000.00","500,000.00","$350,000.00",Arts & Creativity,Adapting Boldly,To pilot the Berkshire Arts and Creativity Initiative to increase access to the arts for Berkshire County residents,12/5/2017,Grants,2017,Arts
17-06451,17-06451 - The Trust for Public Land,The Trust for Public Land,"$290,000.00","290,000.00","$145,000.00",Climate,Climate Resilience,To support green infrastructure in the Metro Mayors?Äô Coalition region,8/1/2017,Grants,2017,Climate
17-06451--2,17-06451--2 - The Trust for Public Land,The Trust for Public Land,"$290,000.00","290,000.00","$145,000.00",Climate,Mobility,To support green infrastructure in the Metro Mayors?Äô Coalition region,8/1/2017,Grants,2017,Climate
17-06627,17-06627 - Environmental Grantmakers Association,Environmental Grantmakers Association,"$80,000.00","80,000.00","$40,000.00",Climate,Mobility,To support the EGA Environmental Fellows Program and the placement of four fellows in Barr grantee organizations,11/21/2017,Grants,2017,Climate
17-06627--2,17-06627--2 - Environmental Grantmakers Association,Environmental Grantmakers Association,"$80,000.00","80,000.00","$40,000.00",Climate,Clean Energy,To support the EGA Environmental Fellows Program and the placement of four fellows in Barr grantee organizations,11/21/2017,Grants,2017,Climate
17-06661,"17-06661 - Boston Harbor Now, Inc.","Boston Harbor Now, Inc.","$900,000.00","900,000.00","$270,000.00",Climate,Climate Resilience,To provide core support,3/22/2018,Grants,2018,Climate
17-06661--2,"17-06661--2 - Boston Harbor Now, Inc.","Boston Harbor Now, Inc.","$900,000.00","900,000.00","$630,000.00",Special Initiatives,Waterfront Initiative,To provide core support,3/22/2018,Grants,2018,Waterfront
18-06891,"18-06891 - Enterprise Community Partners, Inc.","Enterprise Community Partners, Inc.","$1,050,000.00","1,050,000.00","$525,000.00",Climate,Climate Resilience,"to support the design of equitable, sustainable, and connected communities and the placement of Rose Fellows",6/20/2018,Grants,2018,Climate
18-06891--2,"18-06891--2 - Enterprise Community Partners, Inc.","Enterprise Community Partners, Inc.","$1,050,000.00","1,050,000.00","$525,000.00",Climate,Mobility,"to support the design of equitable, sustainable, and connected communities and the placement of Rose Fellows",6/20/2018,Grants,2018,Climate
18-06967,"18-06967 - Alternatives for Community and Environment, Inc.","Alternatives for Community and Environment, Inc.","$225,000.00","225,000.00","$112,500.00",Climate,Clean Energy,to provide general operating and capacity-building support,9/19/2018,Grants,2018,Climate
18-06967--2,"18-06967--2 - Alternatives for Community and Environment, Inc.","Alternatives for Community and Environment, Inc.","$225,000.00","225,000.00","$112,500.00",Climate,Mobility,to provide general operating and capacity-building support,9/19/2018,Grants,2018,Climate
18-06968,18-06968 - The Hideo Sasaki Foundation,The Hideo Sasaki Foundation,"$55,000.00","55,000.00","$18,700.00",Climate,Climate Resilience,to support strategic planning and workplan development for mobility and resilience,4/27/2018,Grants,2018,Climate
18-06968--2,18-06968--2 - The Hideo Sasaki Foundation,The Hideo Sasaki Foundation,"$55,000.00","55,000.00","$36,300.00",Climate,Mobility,to support strategic planning and workplan development for mobility and resilience,4/27/2018,Grants,2018,Climate
18-06969,18-06969 - Metropolitan Area Planning Council,Metropolitan Area Planning Council,"$2,000,000.00","2,000,000.00","$1,000,000.00",Climate,Climate Resilience,To develop a long-range regional plan for the MAPC region,9/19/2018,Grants,2018,Climate
18-06969--2,18-06969--2 - Metropolitan Area Planning Council,Metropolitan Area Planning Council,"$2,000,000.00","2,000,000.00","$1,000,000.00",Climate,Mobility,To develop a long-range regional plan for the MAPC region,9/19/2018,Grants,2018,Climate
18-07078,"18-07078 - The Massachusetts Institute for a New Commonwealth, Inc.","The Massachusetts Institute for a New Commonwealth, Inc.","$1,200,000.00","1,200,000.00","$240,000.00",Climate,Climate Resilience,To advance transit-oriented development in Gateway Cities,9/19/2018,Grants,2018,Climate
18-07078--2,"18-07078--2 - The Massachusetts Institute for a New Commonwealth, Inc.","The Massachusetts Institute for a New Commonwealth, Inc.","$1,200,000.00","1,200,000.00","$960,000.00",Climate,Mobility,To advance transit-oriented development in Gateway Cities,9/19/2018,Grants,2018,Climate
18-07089,18-07089 - Health Care Without Harm,Health Care Without Harm,"$900,000.00","900,000.00","$360,000.00",Climate,Climate Resilience,to support Massachusetts health care sector leadership on climate action,12/4/2018,Grants,2018,Climate
18-07089--2,18-07089--2 - Health Care Without Harm,Health Care Without Harm,"$900,000.00","900,000.00","$540,000.00",Climate,Clean Energy,to support Massachusetts health care sector leadership on climate action,12/4/2018,Grants,2018,Climate
18-07093,18-07093 - Environmental Grantmakers Association,Environmental Grantmakers Association,"$160,000.00","160,000.00","$80,000.00",Climate,Mobility,to support the Environmental Fellows Program evaluation and alumni engagement efforts,10/31/2018,Grants,2018,Climate
18-07093--2,18-07093--2 - Environmental Grantmakers Association,Environmental Grantmakers Association,"$160,000.00","160,000.00","$80,000.00",Climate,Clean Energy,to support the Environmental Fellows Program evaluation and alumni engagement efforts,10/31/2018,Grants,2018,Climate
18-07101,18-07101 - City of Boston,City of Boston,"$25,000.00","25,000.00","$12,500.00",Climate,Climate Resilience,to provide additional support for scope expansion related to district resilience in South Boston/Fort Point,4/27/2018,Grants,2018,Climate
18-07101--2,18-07101--2 - City of Boston,City of Boston,"$25,000.00","25,000.00","$12,500.00",Climate,Climate Resilience,to provide additional support for scope expansion related to district resilience in South Boston/Fort Point,4/27/2018,Grants,2018,Climate
18-07198,"18-07198 - Conservation Law Foundation, Inc.","Conservation Law Foundation, Inc.","$2,400,000.00","2,400,000.00","$1,200,000.00",Climate,Clean Energy,To inform climate policies and practices in the region,9/19/2018,Grants,2018,Climate
18-07198--2,"18-07198--2 - Conservation Law Foundation, Inc.","Conservation Law Foundation, Inc.","$2,400,000.00","2,400,000.00","$1,200,000.00",Climate,Mobility,To inform climate policies and practices in the region,9/19/2018,Grants,2018,Climate
18-07490,"18-07490 - Clean Energy Group, Inc.","Clean Energy Group, Inc.","$300,000.00","300,000.00","$210,000.00",Climate,Clean Energy,To support energy storage deployment in Massachusetts and collaborative efforts in the region,2/28/2019,Grants,2019,Climate
18-07490--2,"18-07490--2 - Clean Energy Group, Inc.","Clean Energy Group, Inc.","$300,000.00","300,000.00","$90,000.00",Climate,Climate Resilience,To support energy storage deployment in Massachusetts and collaborative efforts in the region,2/28/2019,Grants,2019,Climate
18-07494,18-07494 - Innovation Network for Communities,Innovation Network for Communities,"$725,000.00","725,000.00","$362,500.00",Climate,Climate Resilience,To support core operations of the Green Ribbon Commission and its working groups,3/27/2019,Grants,2019,Climate
18-07494--2,18-07494--2 - Innovation Network for Communities,Innovation Network for Communities,"$725,000.00","725,000.00","$362,500.00",Climate,Clean Energy,To support core operations of the Green Ribbon Commission and its working groups,3/27/2019,Grants,2019,Climate
18-07498,18-07498 - Metropolitan Area Planning Council,Metropolitan Area Planning Council,"$3,000,000.00","3,000,000.00","$600,000.00",Climate,Climate Resilience,"to support mobility, clean energy, and climate resiliency planning",3/27/2019,Grants,2019,Climate
18-07498--2,18-07498--2 - Metropolitan Area Planning Council,Metropolitan Area Planning Council,"$3,000,000.00","3,000,000.00","$900,000.00",Climate,Clean Energy,"to support mobility, clean energy, and climate resiliency planning",3/27/2019,Grants,2019,Climate
18-07498--3,18-07498--3 - Metropolitan Area Planning Council,Metropolitan Area Planning Council,"$3,000,000.00","3,000,000.00","$1,500,000.00",Climate,Mobility,"to support mobility, clean energy, and climate resiliency planning",3/27/2019,Grants,2019,Climate
18-07511,18-07511 - The Trust for Public Land,The Trust for Public Land,"$450,000.00","450,000.00","$25,000.00",Climate,Mobility,"To support education, engagement, and training to expand green infrastructure solutions in Metro Boston",8/29/2019,Grants,2019,Climate
18-07511--2,18-07511--2 - The Trust for Public Land,The Trust for Public Land,"$450,000.00","450,000.00","$425,000.00",Climate,Climate Resilience,"To support education, engagement, and training to expand green infrastructure solutions in Metro Boston",8/29/2019,Grants,2019,Climate
18-07590,"18-07590 - Community Labor United, Inc.","Community Labor United, Inc.","$750,000.00","750,000.00","$150,000.00",Climate,Climate Resilience,To support and coordinate the Green Justice Coalition?Äôs Boston and statewide clean energy efforts,9/18/2019,Grants,2019,Climate
18-07590--2,"18-07590--2 - Community Labor United, Inc.","Community Labor United, Inc.","$750,000.00","750,000.00","$600,000.00",Climate,Clean Energy,To support and coordinate the Green Justice Coalition?Äôs Boston and statewide clean energy efforts,9/18/2019,Grants,2019,Climate
18-07605,"18-07605 - Alternatives for Community and Environment, Inc.","Alternatives for Community and Environment, Inc.","$600,000.00","600,000.00","$300,000.00",Climate,Clean Energy,to provide clean energy and mobility program support,6/18/2019,Grants,2019,Climate
18-07605--2,"18-07605--2 - Alternatives for Community and Environment, Inc.","Alternatives for Community and Environment, Inc.","$600,000.00","600,000.00","$300,000.00",Climate,Mobility,to provide clean energy and mobility program support,6/18/2019,Grants,2019,Climate
19-07732,"19-07732 - Greater Worcester Community Foundation, Inc.","Greater Worcester Community Foundation, Inc.","$1,000,000.00","1,000,000.00","$500,000.00",Arts & Creativity,Activating Public Support,"To support grantmaking, capacity-building activities, donor cultivation, and implementation of Worcester?Äôs Cultural Plan, including serving as lead coordinator of the annual public plan review process",9/18/2019,Grants,2019,Arts
19-07732--2,"19-07732--2 - Greater Worcester Community Foundation, Inc.","Greater Worcester Community Foundation, Inc.","$1,000,000.00","1,000,000.00","$500,000.00",Arts & Creativity,Adapting Boldly,"To support grantmaking, capacity-building activities, donor cultivation, and implementation of Worcester?Äôs Cultural Plan, including serving as lead coordinator of the annual public plan review process",9/18/2019,Grants,2019,Arts
19-07733,"19-07733 - The Berkshire Taconic Community Foundation, Inc.","The Berkshire Taconic Community Foundation, Inc.","$1,000,000.00","1,000,000.00","$500,000.00",Arts & Creativity,Activating Public Support,"To support quick-turnaround grantmaking, nonprofit capacity and network building, donor engagement, and evaluation to increase community connection and civic engagement through arts participation",9/18/2019,Grants,2019,Arts
19-07733--2,"19-07733--2 - The Berkshire Taconic Community Foundation, Inc.","The Berkshire Taconic Community Foundation, Inc.","$1,000,000.00","1,000,000.00","$500,000.00",Arts & Creativity,Adapting Boldly,"To support quick-turnaround grantmaking, nonprofit capacity and network building, donor engagement, and evaluation to increase community connection and civic engagement through arts participation",9/18/2019,Grants,2019,Arts
19-07734,"19-07734 - Essex County Community Foundation, Inc.","Essex County Community Foundation, Inc.","$1,000,000.00","1,000,000.00","$500,000.00",Arts & Creativity,Activating Public Support,"To support cross-sector grantmaking, municipal and regional cultural planning efforts, training, and community convenings on emergent arts topics",9/18/2019,Grants,2019,Arts
19-07734--2,"19-07734--2 - Essex County Community Foundation, Inc.","Essex County Community Foundation, Inc.","$1,000,000.00","1,000,000.00","$500,000.00",Arts & Creativity,Adapting Boldly,"To support cross-sector grantmaking, municipal and regional cultural planning efforts, training, and community convenings on emergent arts topics",9/18/2019,Grants,2019,Arts
19-07737,19-07737 - Community Foundation of Western Massachusetts,Community Foundation of Western Massachusetts,"$1,000,000.00","1,000,000.00","$500,000.00",Arts & Creativity,Activating Public Support,"To implement the ValleyCreates Initiative, which will promote better connections among artists and arts organizations through collaborative grantmaking, organizational effectiveness training, and strategies to promote diversity, equity, and inclusion (DEI)",9/18/2019,Grants,2019,Arts
19-07737--2,19-07737--2 - Community Foundation of Western Massachusetts,Community Foundation of Western Massachusetts,"$1,000,000.00","1,000,000.00","$500,000.00",Arts & Creativity,Adapting Boldly,"To implement the ValleyCreates Initiative, which will promote better connections among artists and arts organizations through collaborative grantmaking, organizational effectiveness training, and strategies to promote diversity, equity, and inclusion (DEI)",9/18/2019,Grants,2019,Arts
19-07739,"19-07739 - SouthCoast Community Foundation, Inc.","SouthCoast Community Foundation, Inc.","$1,000,000.00","1,000,000.00","$500,000.00",Arts & Creativity,Adapting Boldly,"To support capacity building for small, culturally diverse/immigrant cultural organizations, and strengthen the foundation's own capacity in equity strategies, marketing, and donor relations",9/18/2019,Grants,2019,Arts
19-07739--2,"19-07739--2 - SouthCoast Community Foundation, Inc.","SouthCoast Community Foundation, Inc.","$1,000,000.00","1,000,000.00","$500,000.00",Arts & Creativity,Activating Public Support,"To support capacity building for small, culturally diverse/immigrant cultural organizations, and strengthen the foundation's own capacity in equity strategies, marketing, and donor relations",9/18/2019,Grants,2019,Arts
19-07764,"19-07764 - Mystic River Watershed Association, Inc.","Mystic River Watershed Association, Inc.","$700,000.00","700,000.00","$470,000.00",Climate,Climate Resilience,"To support climate resilience, greenways and waterfront activities",6/18/2019,Grants,2019,Climate
19-07764--2,"19-07764--2 - Mystic River Watershed Association, Inc.","Mystic River Watershed Association, Inc.","$700,000.00","700,000.00","$230,000.00",Special Initiatives,Waterfront Initiative,"To support climate resilience, greenways and waterfront activities",6/18/2019,Grants,2019,Waterfront
19-07898,"19-07898 - Solutions Journalism Network, Inc.","Solutions Journalism Network, Inc.","$120,000.00","120,000.00","$30,000.00",Climate,Mobility,"To conduct a community and news media audit, pilot solutions journalism projects, and develop a plan for the next phase",7/1/2019,Grants,2019,Climate
19-07898--2,"19-07898--2 - Solutions Journalism Network, Inc.","Solutions Journalism Network, Inc.","$120,000.00","120,000.00","$30,000.00",Climate,Clean Energy,"To conduct a community and news media audit, pilot solutions journalism projects, and develop a plan for the next phase",7/1/2019,Grants,2019,Climate
19-07898--3,"19-07898--3 - Solutions Journalism Network, Inc.","Solutions Journalism Network, Inc.","$120,000.00","120,000.00","$60,000.00",Education,Build Public Will,"To conduct a community and news media audit, pilot solutions journalism projects, and develop a plan for the next phase",7/1/2019,Grants,2019,Education
19-07928,19-07928 - Smart Growth America,Smart Growth America,"$1,000,000.00","1,000,000.00","$750,000.00",Climate,Mobility,"To inform transportation and smart growth policy at national, state, and local levels",12/4/2019,Grants,2019,Climate
19-07928--2,19-07928--2 - Smart Growth America,Smart Growth America,"$1,000,000.00","1,000,000.00","$250,000.00",Climate,Mobility,"To inform transportation and smart growth policy at national, state, and local levels",12/4/2019,Grants,2019,Climate
19-07931,"19-07931 - University of Massachusetts Foundation, Inc.","University of Massachusetts Foundation, Inc.","$290,000.00","290,000.00","$260,000.00",Climate,Clean Energy,To support Massachusetts business leaders?Äô participation in a series of convenings accompanied by a study trip to northern Europe that will increase their understanding of and ability to communicate with other stakeholders about the economic benefits of clean energy and resilience,10/1/2019,Grants,2019,Climate
19-07931--2,"19-07931--2 - University of Massachusetts Foundation, Inc.","University of Massachusetts Foundation, Inc.","$290,000.00","290,000.00","$30,000.00",Climate,Climate Resilience,To support Massachusetts business leaders?Äô participation in a series of convenings accompanied by a study trip to northern Europe that will increase their understanding of and ability to communicate with other stakeholders about the economic benefits of clean energy and resilience,10/1/2019,Grants,2019,Climate
19-08198,"19-08198 - Neighbor to Neighbor Massachusetts Education Fund, Inc.","Neighbor to Neighbor Massachusetts Education Fund, Inc.","$190,000.00","190,000.00","$125,000.00",Climate,Clean Energy,To develop a Clean Energy Transition Plan for Holyoke that centers community leadership,12/3/2019,Grants,2019,Climate
19-08198--2,"19-08198--2 - Neighbor to Neighbor Massachusetts Education Fund, Inc.","Neighbor to Neighbor Massachusetts Education Fund, Inc.","$190,000.00","190,000.00","$65,000.00",Climate,Climate Resilience,To develop a Clean Energy Transition Plan for Holyoke that centers community leadership,12/3/2019,Grants,2019,Climate
19-08295,"19-08295 - YouthBuild USA, Inc.","YouthBuild USA, Inc.","$150,000.00","150,000.00","$100,000.00",Climate,Clean Energy,"To support youth grassroots efforts on climate, clean energy, and transit in Massachusetts",1/29/2020,Grants,2020,Climate
19-08295--2,"19-08295--2 - YouthBuild USA, Inc.","YouthBuild USA, Inc.","$150,000.00","150,000.00","$50,000.00",Climate,Mobility,"To support youth grassroots efforts on climate, clean energy, and transit in Massachusetts",1/29/2020,Grants,2020,Climate
19-08401,19-08401 - Innovation Network for Communities,Innovation Network for Communities,"$900,000.00","900,000.00","$450,000.00",Climate,Clean Energy,To support core operations of the Green Ribbon Commission and its working groups,3/25/2020,Grants,2020,Climate
19-08401--2,19-08401--2 - Innovation Network for Communities,Innovation Network for Communities,"$900,000.00","900,000.00","$450,000.00",Climate,Climate Resilience,To support core operations of the Green Ribbon Commission and its working groups,3/25/2020,Grants,2020,Climate
19-08434,"19-08434 - Boston Harbor Now, Inc.","Boston Harbor Now, Inc.","$1,250,000.00","1,250,000.00","$300,000.00",Climate,Climate Resilience,to provide core support,3/25/2020,Grants,2020,Climate
19-08434--2,"19-08434--2 - Boston Harbor Now, Inc.","Boston Harbor Now, Inc.","$1,250,000.00","1,250,000.00","$60,000.00",Climate,Mobility,to provide core support,3/25/2020,Grants,2020,Climate
19-08434--3,"19-08434--3 - Boston Harbor Now, Inc.","Boston Harbor Now, Inc.","$1,250,000.00","1,250,000.00","$890,000.00",Special Initiatives,Waterfront Initiative,to provide core support,3/25/2020,Grants,2020,Waterfront
19-08473,19-08473 - Next Generation Learning Challenges,Next Generation Learning Challenges,"$1,900,000.00","1,900,000.00","$1,000,000.00",Education,Catalyze New Models,to support New England learning excursions to exemplary school models,3/26/2020,Grants,2020,Education
19-08473--2,19-08473--2 - Next Generation Learning Challenges,Next Generation Learning Challenges,"$1,900,000.00","1,900,000.00","$300,000.00",Education,Invest in Educators,to support New England learning excursions to exemplary school models,3/26/2020,Grants,2020,Education
19-08473--3,19-08473--3 - Next Generation Learning Challenges,Next Generation Learning Challenges,"$1,900,000.00","1,900,000.00","$600,000.00",Education,Build Public Will,to support New England learning excursions to exemplary school models,3/26/2020,Grants,2020,Education
20-08490,"20-08490 - The Years Project, Inc.","The Years Project, Inc.","$450,000.00","450,000.00","$225,000.00",Climate,Clean Energy,To provide general support for Years of Living Dangerously,6/30/2020,Grants,2020,Climate
20-08490--2,"20-08490--2 - The Years Project, Inc.","The Years Project, Inc.","$450,000.00","450,000.00","$225,000.00",Climate,Climate Resilience,To provide general support for Years of Living Dangerously,6/30/2020,Grants,2020,Climate
20-08529,"20-08529 - The Massachusetts Institute for a New Commonwealth, Inc.","The Massachusetts Institute for a New Commonwealth, Inc.","$470,000.00","470,000.00","$420,000.00",Climate,Mobility,To support polling and focus groups for mobility and climate,3/31/2020,Grants,2020,Climate
20-08529--2,"20-08529--2 - The Massachusetts Institute for a New Commonwealth, Inc.","The Massachusetts Institute for a New Commonwealth, Inc.","$470,000.00","470,000.00","$50,000.00",Climate,Clean Energy,To support polling and focus groups for mobility and climate,3/31/2020,Grants,2020,Climate
20-08675,20-08675 - New World Foundation,New World Foundation,"$170,000.00","170,000.00","$127,500.00",Climate,Clean Energy,To support stabilizing environmental justice and equity-focused organizations impacted by COVID-19,4/30/2020,Grants,2020,Climate
20-08675--2,20-08675--2 - New World Foundation,New World Foundation,"$170,000.00","170,000.00","$21,250.00",Climate,Climate Resilience,To support stabilizing environmental justice and equity-focused organizations impacted by COVID-19,4/30/2020,Grants,2020,Climate
20-08675--3,20-08675--3 - New World Foundation,New World Foundation,"$170,000.00","170,000.00","$21,250.00",Climate,Mobility,To support stabilizing environmental justice and equity-focused organizations impacted by COVID-19,4/30/2020,Grants,2020,Climate
20-08778,"20-08778 - Boston Foundation, Inc.","Boston Foundation, Inc.","$50,000.00","50,000.00","$10,000.00",Climate,,to support mobility and other related research for the COVID Community Data Lab,6/30/2020,Grants,2020,Climate
20-08778--2,"20-08778--2 - Boston Foundation, Inc.","Boston Foundation, Inc.","$50,000.00","50,000.00","$40,000.00",Climate,Mobility,to support mobility and other related research for the COVID Community Data Lab,6/30/2020,Grants,2020,Climate
20-08799,20-08799 - Metropolitan Area Planning Council,Metropolitan Area Planning Council,"$350,000.00","350,000.00","$210,000.00",Climate,Climate Resilience,to jointly manage an Extreme Heat Task Force to implement COVID-safe cooling strategies in the most COVID-impacted communities of Greater Boston,6/30/2020,Grants,2020,Climate
20-08799--2,20-08799--2 - Metropolitan Area Planning Council,Metropolitan Area Planning Council,"$350,000.00","350,000.00","$140,000.00",Climate,Clean Energy,to jointly manage an Extreme Heat Task Force to implement COVID-safe cooling strategies in the most COVID-impacted communities of Greater Boston,6/30/2020,Grants,2020,Climate
20-08802,"20-08802 - Mystic River Watershed Association, Inc.","Mystic River Watershed Association, Inc.","$350,000.00","350,000.00","$140,000.00",Climate,Clean Energy,to jointly manage an Extreme Heat Task Force to implement COVID-safe cooling strategies in the most COVID-impacted communities of Greater Boston,6/30/2020,Grants,2020,Climate
20-08802--2,"20-08802--2 - Mystic River Watershed Association, Inc.","Mystic River Watershed Association, Inc.","$350,000.00","350,000.00","$210,000.00",Climate,Climate Resilience,to jointly manage an Extreme Heat Task Force to implement COVID-safe cooling strategies in the most COVID-impacted communities of Greater Boston,6/30/2020,Grants,2020,Climate
20-08914,20-08914 - University of Washington Foundation,University of Washington Foundation,"$740,000.00","740,000.00","$390,000.00",Education,Catalyze New Models,To support the University of Washington's CRPE project to conduct and coordinate research on the impact of COVID-19 on New England public high schools,9/29/2020,Grants,2020,Education
20-08914--2,20-08914--2 - University of Washington Foundation,University of Washington Foundation,"$740,000.00","740,000.00","$250,000.00",Education,Invest in Educators,To support the University of Washington's CRPE project to conduct and coordinate research on the impact of COVID-19 on New England public high schools,9/29/2020,Grants,2020,Education
20-08914--3,20-08914--3 - University of Washington Foundation,University of Washington Foundation,"$740,000.00","740,000.00","$100,000.00",Education,Build Public Will,To support the University of Washington's CRPE project to conduct and coordinate research on the impact of COVID-19 on New England public high schools,9/29/2020,Grants,2020,Education
20-09024,"20-09024 - TransitMatters, Inc.","TransitMatters, Inc.","$600,000.00","600,000.00","$50,000.00",Climate,,To provide support for its TransitMatters program,3/31/2021,Grants,2021,Climate
20-09024--2,"20-09024--2 - TransitMatters, Inc.","TransitMatters, Inc.","$600,000.00","600,000.00","$550,000.00",Climate,Mobility,To provide support for its TransitMatters program,3/31/2021,Grants,2021,Climate
20-09030,20-09030 - Sierra Club Foundation,Sierra Club Foundation,"$160,000.00","160,000.00","$10,000.00",Climate,,To support grass roots efforts to advance equitable clean energy policies in Massachusetts,1/27/2021,Grants,2021,Climate
20-09030--2,20-09030--2 - Sierra Club Foundation,Sierra Club Foundation,"$160,000.00","160,000.00","$150,000.00",Climate,Clean Energy,To support grass roots efforts to advance equitable clean energy policies in Massachusetts,1/27/2021,Grants,2021,Climate
20-09033,"20-09033 - Clean Energy Group, Inc.","Clean Energy Group, Inc.","$300,000.00","300,000.00","$90,000.00",Climate,Climate Resilience,To support equitable deployment of energy storage in New England,2/24/2021,Grants,2021,Climate
20-09033--2,"20-09033--2 - Clean Energy Group, Inc.","Clean Energy Group, Inc.","$300,000.00","300,000.00","$210,000.00",Climate,Clean Energy,To support equitable deployment of energy storage in New England,2/24/2021,Grants,2021,Climate
20-09040,"20-09040 - NECEC Institute, Inc.","NECEC Institute, Inc.","$270,000.00","270,000.00","$250,000.00",Climate,Clean Energy,To expand clean energy in New England by informing policy and regulatory development,3/31/2021,Grants,2021,Climate
20-09040--2,"20-09040--2 - NECEC Institute, Inc.","NECEC Institute, Inc.","$270,000.00","270,000.00","$20,000.00",Climate,,To expand clean energy in New England by informing policy and regulatory development,3/31/2021,Grants,2021,Climate
20-09111,"20-09111 - Mystic River Watershed Association, Inc.","Mystic River Watershed Association, Inc.","$400,000.00","400,000.00","$200,000.00",Climate,Clean Energy,To support COVID-safe strategies for protecting communities from extreme weather,2/24/2021,Grants,2021,Climate
20-09111--2,"20-09111--2 - Mystic River Watershed Association, Inc.","Mystic River Watershed Association, Inc.","$400,000.00","400,000.00","$200,000.00",Climate,Climate Resilience,To support COVID-safe strategies for protecting communities from extreme weather,2/24/2021,Grants,2021,Climate
21-09201,21-09201 - Metropolitan Area Planning Council,Metropolitan Area Planning Council,"$400,000.00","400,000.00","$200,000.00",Climate,Clean Energy,To support COVID-safe strategies for protecting communities from extreme weather,2/24/2021,Grants,2021,Climate
21-09201--2,21-09201--2 - Metropolitan Area Planning Council,Metropolitan Area Planning Council,"$400,000.00","400,000.00","$200,000.00",Climate,Climate Resilience,To support COVID-safe strategies for protecting communities from extreme weather,2/24/2021,Grants,2021,Climate
21-09217,21-09217 - Design Studio for Social Intervention,Design Studio for Social Intervention,"$270,000.00","270,000.00","$135,000.00",Arts & Creativity,Spanning Sectors,To provide strategic planning and core support for its Design Studio for Social Intervention program,6/30/2021,Grants,2021,Arts
21-09217--2,21-09217--2 - Design Studio for Social Intervention,Design Studio for Social Intervention,"$270,000.00","270,000.00","$135,000.00",Climate,Mobility,To provide strategic planning and core support for its Design Studio for Social Intervention program,6/30/2021,Grants,2021,Climate
21-09234,"21-09234 - Livable Streets Transportation Alliance of Boston, Inc.","Livable Streets Transportation Alliance of Boston, Inc.","$900,000.00","900,000.00","$630,000.00",Climate,Mobility,To provide general operating support,5/19/2021,Grants,2021,Climate
21-09234--2,"21-09234--2 - Livable Streets Transportation Alliance of Boston, Inc.","Livable Streets Transportation Alliance of Boston, Inc.","$900,000.00","900,000.00","$270,000.00",Climate,Mobility,To provide general operating support,5/19/2021,Grants,2021,Climate
21-09235,"21-09235 - Community Labor United, Inc.","Community Labor United, Inc.","$550,000.00","550,000.00","$50,000.00",Climate,,To provide general operating support,6/30/2021,Grants,2021,Climate
21-09235--2,"21-09235--2 - Community Labor United, Inc.","Community Labor United, Inc.","$550,000.00","550,000.00","$750,000.00",Climate,Mobility,To provide general operating support,6/30/2021,Grants,2021,Climate
21-09276,21-09276 - Allston Brighton Health Collaborative,Allston Brighton Health Collaborative,"$60,000.00","60,000.00","$40,000.00",Climate,Mobility,To support the Allston Brighton Health Collaborative's transportation advocacy and community engagement,5/19/2021,Grants,2021,Climate
21-09276--2,21-09276--2 - Allston Brighton Health Collaborative,Allston Brighton Health Collaborative,"$60,000.00","60,000.00","$10,000.00",Climate,Mobility,To support the Allston Brighton Health Collaborative's transportation advocacy and community engagement,5/19/2021,Grants,2021,Climate
21-09276--3,21-09276--3 - Allston Brighton Health Collaborative,Allston Brighton Health Collaborative,"$60,000.00","60,000.00","$10,000.00",Climate,,To support the Allston Brighton Health Collaborative's transportation advocacy and community engagement,5/19/2021,Grants,2021,Climate
21-09284,21-09284 - Innovation Network for Communities,Innovation Network for Communities,"$100,000.00","100,000.00","$80,000.00",Climate,Climate Resilience,To create a climate justice plan for the Green Ribbon Commission,4/27/2021,Grants,2021,Climate
21-09284--2,21-09284--2 - Innovation Network for Communities,Innovation Network for Communities,"$100,000.00","100,000.00","$20,000.00",Climate,,To create a climate justice plan for the Green Ribbon Commission,4/27/2021,Grants,2021,Climate
21-09322,"21-09322 - Neighbor to Neighbor Massachusetts Education Fund, Inc.","Neighbor to Neighbor Massachusetts Education Fund, Inc.","$700,000.00","700,000.00","$325,000.00",Climate,Clean Energy,To provide general operating support,6/30/2021,Grants,2021,Climate
21-09322--2,"21-09322--2 - Neighbor to Neighbor Massachusetts Education Fund, Inc.","Neighbor to Neighbor Massachusetts Education Fund, Inc.","$700,000.00","700,000.00","$250,000.00",Climate,Mobility,To provide general operating support,6/30/2021,Grants,2021,Climate
21-09322--3,"21-09322--3 - Neighbor to Neighbor Massachusetts Education Fund, Inc.","Neighbor to Neighbor Massachusetts Education Fund, Inc.","$700,000.00","700,000.00","$125,000.00",Climate,Climate Resilience,To provide general operating support,6/30/2021,Grants,2021,Climate
21-09327,"21-09327 - Enterprise Community Partners, Inc.","Enterprise Community Partners, Inc.","$310,000.00","310,000.00","$50,000.00",Climate,Climate Resilience,To support the Rose Fellowship Program and Spatial Justice Exhibit,7/28/2021,Grants,2021,Climate
21-09327--2,"21-09327--2 - Enterprise Community Partners, Inc.","Enterprise Community Partners, Inc.","$310,000.00","310,000.00","$240,000.00",Climate,Mobility,To support the Rose Fellowship Program and Spatial Justice Exhibit,7/28/2021,Grants,2021,Climate
21-09327--3,"21-09327--3 - Enterprise Community Partners, Inc.","Enterprise Community Partners, Inc.","$310,000.00","310,000.00","$20,000.00",Climate,,To support the Rose Fellowship Program and Spatial Justice Exhibit,7/28/2021,Grants,2021,Climate
21-09342,"21-09342 - Conservation Law Foundation, Inc.","Conservation Law Foundation, Inc.","$2,650,000.00","2,650,000.00","$250,000.00",Climate,Climate Resilience,To provide general operating support,9/15/2021,Grants,2021,Climate
21-09342--2,"21-09342--2 - Conservation Law Foundation, Inc.","Conservation Law Foundation, Inc.","$2,650,000.00","2,650,000.00","$1,200,000.00",Climate,Clean Energy,To provide general operating support,9/15/2021,Grants,2021,Climate
21-09342--3,"21-09342--3 - Conservation Law Foundation, Inc.","Conservation Law Foundation, Inc.","$2,650,000.00","2,650,000.00","$1,200,000.00",Climate,Mobility,To provide general operating support,9/15/2021,Grants,2021,Climate
21-09343,"21-09343 - Alliance for Business Leadership, Inc.","Alliance for Business Leadership, Inc.","$500,000.00","500,000.00","$52,000.00",Climate,Mobility,To provide general operating support,11/30/2021,Grants,2021,Climate
21-09343--2,"21-09343--2 - Alliance for Business Leadership, Inc.","Alliance for Business Leadership, Inc.","$500,000.00","500,000.00","$292,000.00",Climate,Clean Energy,To provide general operating support,11/30/2021,Grants,2021,Climate
21-09343--3,"21-09343--3 - Alliance for Business Leadership, Inc.","Alliance for Business Leadership, Inc.","$500,000.00","500,000.00","$156,000.00",Climate,Mobility,To provide general operating support,11/30/2021,Grants,2021,Climate
21-09344,21-09344 - Health Care Without Harm,Health Care Without Harm,"$900,000.00","900,000.00","$360,000.00",Climate,Climate Resilience,To support Massachusetts health care sector leadership on climate action,11/30/2021,Grants,2021,Climate
21-09344--2,21-09344--2 - Health Care Without Harm,Health Care Without Harm,"$900,000.00","900,000.00","$540,000.00",Climate,Clean Energy,To support Massachusetts health care sector leadership on climate action,11/30/2021,Grants,2021,Climate
21-09350,"21-09350 - The Funders Network, Inc.","The Funders Network, Inc.","$65,000.00","65,000.00","$25,000.00",Climate,Mobility,To support the Mobility and Access Collaborative and TFN?Äôs racial equity action plan,7/27/2021,Grants,2021,Climate
21-09350--2,"21-09350--2 - The Funders Network, Inc.","The Funders Network, Inc.","$65,000.00","65,000.00","$40,000.00",Climate,,To support the Mobility and Access Collaborative and TFN?Äôs racial equity action plan,7/27/2021,Grants,2021,Climate
21-09351,"21-09351 - The Massachusetts Institute for a New Commonwealth, Inc.","The Massachusetts Institute for a New Commonwealth, Inc.","$750,000.00","750,000.00","$350,000.00",Climate,Mobility,"To support equitable, low-carbon Gateway City hubs",9/29/2021,Grants,2021,Climate
21-09351--2,"21-09351--2 - The Massachusetts Institute for a New Commonwealth, Inc.","The Massachusetts Institute for a New Commonwealth, Inc.","$750,000.00","750,000.00","$400,000.00",Climate,Mobility,"To support equitable, low-carbon Gateway City hubs",9/29/2021,Grants,2021,Climate
21-09360,"21-09360 - Chinatown People Progressive Association, Inc. d/b/a Chinese Progress","Chinatown People Progressive Association, Inc. d/b/a Chinese Progress","$200,000.00","200,000.00","$50,000.00",Climate,,To provide general operating support,6/30/2021,Grants,2021,Climate
21-09360--2,"21-09360--2 - Chinatown People Progressive Association, Inc. d/b/a Chinese Progress","Chinatown People Progressive Association, Inc. d/b/a Chinese Progress","$200,000.00","200,000.00","$150,000.00",Climate,Mobility,To provide general operating support,6/30/2021,Grants,2021,Climate
21-09361,21-09361 - Coalition for Social Justice-Education Fund Inc.,Coalition for Social Justice-Education Fund Inc.,"$200,000.00","200,000.00","$50,000.00",Climate,,To provide general operating support,6/30/2021,Grants,2021,Climate
21-09361--2,21-09361--2 - Coalition for Social Justice-Education Fund Inc.,Coalition for Social Justice-Education Fund Inc.,"$200,000.00","200,000.00","$150,000.00",Climate,Mobility,To provide general operating support,6/30/2021,Grants,2021,Climate
21-09362,"21-09362 - GreenRoots, Inc.","GreenRoots, Inc.","$500,000.00","500,000.00","$125,000.00",Climate,Climate Resilience,To provide general operating support,6/30/2021,Grants,2021,Climate
21-09362--2,"21-09362--2 - GreenRoots, Inc.","GreenRoots, Inc.","$500,000.00","500,000.00","$250,000.00",Climate,Mobility,To provide general operating support,6/30/2021,Grants,2021,Climate
21-09362--3,"21-09362--3 - GreenRoots, Inc.","GreenRoots, Inc.","$500,000.00","500,000.00","$125,000.00",Climate,Clean Energy,To provide general operating support,6/30/2021,Grants,2021,Climate
21-09363,"21-09363 - Massachusetts Senior Action Council, Inc.","Massachusetts Senior Action Council, Inc.","$200,000.00","200,000.00","$150,000.00",Climate,Mobility,To provide general operating support,6/30/2021,Grants,2021,Climate
21-09363--2,"21-09363--2 - Massachusetts Senior Action Council, Inc.","Massachusetts Senior Action Council, Inc.","$200,000.00","200,000.00","$50,000.00",Climate,,To provide general operating support,6/30/2021,Grants,2021,Climate
21-09371,"21-09371 - Mystic River Watershed Association, Inc.","Mystic River Watershed Association, Inc.","$950,000.00","950,000.00","$636,500.00",Climate,Climate Resilience,"To support climate resilience, greenways, and waterfront activities",6/30/2021,Grants,2021,Climate
21-09371--2,"21-09371--2 - Mystic River Watershed Association, Inc.","Mystic River Watershed Association, Inc.","$950,000.00","950,000.00","$313,500.00",Special Initiatives,Waterfront Initiative,"To support climate resilience, greenways, and waterfront activities",6/30/2021,Grants,2021,Waterfront
21-09530,"21-09530 - Franklin W. Olin College of Engineering, Inc.","Franklin W. Olin College of Engineering, Inc.","$715,000.00","715,000.00","$115,000.00",Climate,,To support community-driven air pollution reduction in Roxbury,7/28/2021,Grants,2021,Climate
21-09530--2,"21-09530--2 - Franklin W. Olin College of Engineering, Inc.","Franklin W. Olin College of Engineering, Inc.","$715,000.00","715,000.00","$500,000.00",Climate,Mobility,To support community-driven air pollution reduction in Roxbury,7/28/2021,Grants,2021,Climate
21-09530--3,"21-09530--3 - Franklin W. Olin College of Engineering, Inc.","Franklin W. Olin College of Engineering, Inc.","$715,000.00","715,000.00","$100,000.00",Climate,Clean Energy,To support community-driven air pollution reduction in Roxbury,7/28/2021,Grants,2021,Climate
21-09541,"21-09541 - Boston Foundation, Inc.","Boston Foundation, Inc.","$50,000.00","50,000.00","$10,000.00",Climate,,To support mobility and other related research for the COVID Community Data Lab,7/27/2021,Grants,2021,Climate
21-09541--2,"21-09541--2 - Boston Foundation, Inc.","Boston Foundation, Inc.","$50,000.00","50,000.00","$40,000.00",Climate,Mobility,To support mobility and other related research for the COVID Community Data Lab,7/27/2021,Grants,2021,Climate
21-09706,21-09706 - New World Foundation,New World Foundation,"$450,000.00","450,000.00","$404,000.00",Climate,,To support equitable climate and clean energy grassroots efforts in Massachusetts,11/30/2021,Grants,2021,Climate
21-09706--2,21-09706--2 - New World Foundation,New World Foundation,"$450,000.00","450,000.00","$46,000.00",Climate,Clean Energy,To support equitable climate and clean energy grassroots efforts in Massachusetts,11/30/2021,Grants,2021,Climate
21-09773,"21-09773 - Alternatives for Community and Environment, Inc.","Alternatives for Community and Environment, Inc.","$1,800,000.00","1,800,000.00","$600,000.00",Climate,Clean Energy,To provide general operating support,3/9/2022,Grants,2022,Climate
21-09773--2,"21-09773--2 - Alternatives for Community and Environment, Inc.","Alternatives for Community and Environment, Inc.","$1,800,000.00","1,800,000.00","$1,000,000.00",Climate,Mobility,To provide general operating support,3/9/2022,Grants,2022,Climate
21-09773--3,"21-09773--3 - Alternatives for Community and Environment, Inc.","Alternatives for Community and Environment, Inc.","$1,800,000.00","1,800,000.00","$200,000.00",Climate,,To provide general operating support,3/9/2022,Grants,2022,Climate
21-09775,21-09775 - Streetsblog MASS,Streetsblog MASS,"$180,000.00","180,000.00","$120,000.00",Climate,Mobility,To support Streetsblog MASS,2/1/2022,Grants,2022,Climate
21-09775--2,21-09775--2 - Streetsblog MASS,Streetsblog MASS,"$180,000.00","180,000.00","$60,000.00",Climate,Mobility,To support Streetsblog MASS,2/1/2022,Grants,2022,Climate
21-09776,"21-09776 - Better Future Project, Inc.","Better Future Project, Inc.","$360,000.00","360,000.00","$240,000.00",Climate,Clean Energy,To provide program support to build grassroots leadership to advance clean energy and climate resilience,1/4/2022,Grants,2022,Climate
21-09776--2,"21-09776--2 - Better Future Project, Inc.","Better Future Project, Inc.","$360,000.00","360,000.00","$120,000.00",Climate,Climate Resilience,To provide program support to build grassroots leadership to advance clean energy and climate resilience,1/4/2022,Grants,2022,Climate
21-09778,21-09778 - Metropolitan Area Planning Council,Metropolitan Area Planning Council,"$3,000,000.00","3,000,000.00","$900,000.00",Climate,Clean Energy,"To support mobility, clean energy, and climate resiliency planning",3/9/2022,Grants,2022,Climate
21-09778--2,21-09778--2 - Metropolitan Area Planning Council,Metropolitan Area Planning Council,"$3,000,000.00","3,000,000.00","$1,500,000.00",Climate,Mobility,"To support mobility, clean energy, and climate resiliency planning",3/9/2022,Grants,2022,Climate
21-09778--3,21-09778--3 - Metropolitan Area Planning Council,Metropolitan Area Planning Council,"$3,000,000.00","3,000,000.00","$600,000.00",Climate,Climate Resilience,"To support mobility, clean energy, and climate resiliency planning",3/9/2022,Grants,2022,Climate
21-09781,"21-09781 - Mystic River Watershed Association, Inc.","Mystic River Watershed Association, Inc.","$625,000.00","625,000.00","$312,500.00",Climate,Clean Energy,To jointly manage an Extreme Heat Task Force to implement COVID-safe cooling strategies in the most COVID impacted communities of Greater Boston,2/1/2022,Grants,2022,Climate
21-09781--2,"21-09781--2 - Mystic River Watershed Association, Inc.","Mystic River Watershed Association, Inc.","$625,000.00","625,000.00","$312,500.00",Climate,Climate Resilience,To jointly manage an Extreme Heat Task Force to implement COVID-safe cooling strategies in the most COVID impacted communities of Greater Boston,2/1/2022,Grants,2022,Climate
21-09782,21-09782 - Metropolitan Area Planning Council,Metropolitan Area Planning Council,"$415,000.00","415,000.00","$207,500.00",Climate,Climate Resilience,To jointly manage an Extreme Heat Task Force to implement COVID-safe cooling strategies in the most COVID-impacted communities of Greater Boston,2/1/2022,Grants,2022,Climate
21-09782--2,21-09782--2 - Metropolitan Area Planning Council,Metropolitan Area Planning Council,"$415,000.00","415,000.00","$207,500.00",Climate,Clean Energy,To jointly manage an Extreme Heat Task Force to implement COVID-safe cooling strategies in the most COVID-impacted communities of Greater Boston,2/1/2022,Grants,2022,Climate
21-09792,21-09792 - Innovation Network for Communities,Innovation Network for Communities,"$1,350,000.00","1,350,000.00","$675,000.00",Climate,Climate Resilience,To support core operations of the Green Ribbon Commission and its working groups,6/15/2022,Grants,2022,Climate
21-09792--2,21-09792--2 - Innovation Network for Communities,Innovation Network for Communities,"$1,350,000.00","1,350,000.00","$675,000.00",Climate,Clean Energy,To support core operations of the Green Ribbon Commission and its working groups,6/15/2022,Grants,2022,Climate
21-09925,"21-09925 - Boston Harbor Now, Inc.","Boston Harbor Now, Inc.","$1,160,000.00","1,160,000.00","$60,000.00",Climate,Mobility,To provide general operating support,3/9/2022,Grants,2022,Climate
21-09925--2,"21-09925--2 - Boston Harbor Now, Inc.","Boston Harbor Now, Inc.","$1,160,000.00","1,160,000.00","$300,000.00",Climate,Climate Resilience,To provide general operating support,3/9/2022,Grants,2022,Climate
21-09925--3,"21-09925--3 - Boston Harbor Now, Inc.","Boston Harbor Now, Inc.","$1,160,000.00","1,160,000.00","$800,000.00",Special Initiatives,Waterfront Initiative,To provide general operating support,3/9/2022,Grants,2022,Waterfront
21-36073,"21-36073 - Community Labor United, Inc.","Community Labor United, Inc.","$250,000.00","250,000.00","$234,375.00",Climate,Mobility,To provide core support to Community Labor United,6/30/2021,Grants,2021,Climate
21-36073--2,"21-36073--2 - Community Labor United, Inc.","Community Labor United, Inc.","$250,000.00","250,000.00","$15,625.00",Climate,,To provide core support to Community Labor United,6/30/2021,Grants,2021,Climate
22-34673,"22-34673 - A Better City Initiative, Inc.","A Better City Initiative, Inc.","$360,000.00","360,000.00","$160,000.00",Climate,Clean Energy,To support informing mobility and clean energy policy efforts,5/2/2022,Grants,2022,Climate
22-34673--2,"22-34673--2 - A Better City Initiative, Inc.","A Better City Initiative, Inc.","$360,000.00","360,000.00","$200,000.00",Climate,Mobility,To support informing mobility and clean energy policy efforts,5/2/2022,Grants,2022,Climate
22-34689,22-34689 - City of Boston,City of Boston,"$870,000.00","870,000.00","$150,000.00",Climate,Clean Energy,To support implementation of Climate Ready Boston initiatives,11/29/2022,Grants,2022,Climate
22-34689--2,22-34689--2 - City of Boston,City of Boston,"$870,000.00","870,000.00","$720,000.00",Climate,Climate Resilience,To support implementation of Climate Ready Boston initiatives,11/29/2022,Grants,2022,Climate
22-34888,"22-34888 - Third Sector New England, Inc.","Third Sector New England, Inc.","$1,750,000.00","1,750,000.00","$500,000.00",Arts & Creativity,Spanning Sectors,To support core operations and implementation of strategic growth plan for Design Studio for Social Intervention,12/7/2022,Grants,2022,Arts
22-34888--2,"22-34888--2 - Third Sector New England, Inc.","Third Sector New England, Inc.","$1,750,000.00","1,750,000.00","$1,250,000.00",Climate,Mobility,To support core operations and implementation of strategic growth plan for Design Studio for Social Intervention,12/7/2022,Grants,2022,Climate
22-34908,"22-34908 - The Massachusetts Institute for a New Commonwealth, Inc.","The Massachusetts Institute for a New Commonwealth, Inc.","$600,000.00","600,000.00","$450,000.00",Climate,Mobility,To support polling and focus groups on transportation and climate,6/27/2022,Grants,2022,Climate
22-34908--2,"22-34908--2 - The Massachusetts Institute for a New Commonwealth, Inc.","The Massachusetts Institute for a New Commonwealth, Inc.","$600,000.00","600,000.00","$150,000.00",Climate,,To support polling and focus groups on transportation and climate,6/27/2022,Grants,2022,Climate
22-34933,"22-34933 - Massachusetts Senior Action Council, Inc.","Massachusetts Senior Action Council, Inc.","$225,000.00","225,000.00","$150,000.00",Climate,,To support organizational capacity building,6/27/2022,Grants,2022,Climate
22-34933--2,"22-34933--2 - Massachusetts Senior Action Council, Inc.","Massachusetts Senior Action Council, Inc.","$225,000.00","225,000.00","$75,000.00",Climate,Mobility,To support organizational capacity building,6/27/2022,Grants,2022,Climate
22-34934,22-34934 - Coalition for Social Justice-Education Fund Inc.,Coalition for Social Justice-Education Fund Inc.,"$170,000.00","170,000.00","$100,000.00",Climate,,To support a Grassroots Coordinator to work on transit-initiatives in the South Shore,6/27/2022,Grants,2022,Climate
22-34934--2,22-34934--2 - Coalition for Social Justice-Education Fund Inc.,Coalition for Social Justice-Education Fund Inc.,"$170,000.00","170,000.00","$70,000.00",Climate,Mobility,To support a Grassroots Coordinator to work on transit-initiatives in the South Shore,6/27/2022,Grants,2022,Climate
22-34976,22-34976 - Trustees of Boston University,Trustees of Boston University,"$600,000.00","600,000.00","$540,000.00",Climate,Climate Resilience,To support research on extreme heat impacts and interventions in Chelsea and East Boston,8/29/2022,Grants,2022,Climate
22-34976--2,22-34976--2 - Trustees of Boston University,Trustees of Boston University,"$600,000.00","600,000.00","$60,000.00",Climate,,To support research on extreme heat impacts and interventions in Chelsea and East Boston,8/29/2022,Grants,2022,Climate
22-35052,"22-35052 - GreenRoots, Inc.","GreenRoots, Inc.","$340,000.00","340,000.00","$27,500.00",Climate,Climate Resilience,To support organizational capacity building,8/29/2022,Grants,2022,Climate
22-35052--2,"22-35052--2 - GreenRoots, Inc.","GreenRoots, Inc.","$340,000.00","340,000.00","$27,500.00",Climate,Clean Energy,To support organizational capacity building,8/29/2022,Grants,2022,Climate
22-35052--3,"22-35052--3 - GreenRoots, Inc.","GreenRoots, Inc.","$340,000.00","340,000.00","$285,000.00",Climate,Mobility,To support organizational capacity building,8/29/2022,Grants,2022,Climate
22-35053,22-35053 - New England United for Justice,New England United for Justice,"$260,000.00","260,000.00","$130,000.00",Climate,Mobility,To support New England United 4 Justice?s climate and mobility activities,8/29/2022,Grants,2022,Climate
22-35053--2,22-35053--2 - New England United for Justice,New England United for Justice,"$260,000.00","260,000.00","$130,000.00",Climate,Mobility,To support New England United 4 Justice?s climate and mobility activities,8/29/2022,Grants,2022,Climate
22-35071,22-35071 - The Trust for Public Land,The Trust for Public Land,"$500,000.00","500,000.00","$475,000.00",Climate,Climate Resilience,"to support education, engagement, and training to expand green infrastructure solutions in Metro Boston",9/28/2022,Grants,2022,Climate
22-35071--2,22-35071--2 - The Trust for Public Land,The Trust for Public Land,"$500,000.00","500,000.00","$25,000.00",Climate,Mobility,"to support education, engagement, and training to expand green infrastructure solutions in Metro Boston",9/28/2022,Grants,2022,Climate
22-35082,22-35082 - Local Initiatives Support Corporation,Local Initiatives Support Corporation,"$200,000.00","200,000.00","$100,000.00",Climate,,To support the DASH coalition?s efforts to strengthen climate-focused affordable housing policies and programs,9/27/2022,Grants,2022,Climate
22-35082--2,22-35082--2 - Local Initiatives Support Corporation,Local Initiatives Support Corporation,"$200,000.00","200,000.00","$100,000.00",Climate,Clean Energy,To support the DASH coalition?s efforts to strengthen climate-focused affordable housing policies and programs,9/27/2022,Grants,2022,Climate
22-35092,22-35092 - Massachusetts Climate Action Network,Massachusetts Climate Action Network,"$65,000.00","65,000.00","$30,000.00",Climate,,To support MCAN?s leadership transition and equity-centered strategic plan,9/27/2022,Grants,2022,Climate
22-35092--2,22-35092--2 - Massachusetts Climate Action Network,Massachusetts Climate Action Network,"$65,000.00","65,000.00","$35,000.00",Arts & Creativity,,To support MCAN?s leadership transition and equity-centered strategic plan,9/27/2022,Grants,2022,OrgDev
22-35101,"22-35101 - Chinatown People Progressive Association, Inc. d/b/a Chinese Proge...","Chinatown People Progressive Association, Inc. d/b/a Chinese Proge...","$200,000.00","200,000.00","$100,000.00",Climate,,To support organizational capacity building for climate organizing,9/28/2022,Grants,2022,Climate
22-35101--2,"22-35101--2 - Chinatown People Progressive Association, Inc. d/b/a Chinese Proge...","Chinatown People Progressive Association, Inc. d/b/a Chinese Proge...","$200,000.00","200,000.00","$100,000.00",Climate,Mobility,To support organizational capacity building for climate organizing,9/28/2022,Grants,2022,Climate
22-35109,"22-35109 - Community Labor United, Inc.","Community Labor United, Inc.","$275,000.00","275,000.00","$50,000.00",Climate,,"To support Community Labor United's work on climate resilience, clean energy, and economic inclusion in Massachusetts",11/1/2022,Grants,2022,Climate
22-35109--2,"22-35109--2 - Community Labor United, Inc.","Community Labor United, Inc.","$275,000.00","275,000.00","$150,000.00",Climate,Clean Energy,"To support Community Labor United's work on climate resilience, clean energy, and economic inclusion in Massachusetts",11/1/2022,Grants,2022,Climate
22-35109--3,"22-35109--3 - Community Labor United, Inc.","Community Labor United, Inc.","$275,000.00","275,000.00","$75,000.00",Climate,Climate Resilience,"To support Community Labor United's work on climate resilience, clean energy, and economic inclusion in Massachusetts",11/1/2022,Grants,2022,Climate
22-35286,"22-35286 - Clean Energy Group, Inc.","Clean Energy Group, Inc.","$400,000.00","400,000.00","$310,000.00",Climate,Clean Energy,to support equitable deployment of energy storage and fossil peaker plant decomissioning in New England,2/28/2023,Grants,2023,Climate
22-35286--2,"22-35286--2 - Clean Energy Group, Inc.","Clean Energy Group, Inc.","$400,000.00","400,000.00","$90,000.00",Climate,Climate Resilience,to support equitable deployment of energy storage and fossil peaker plant decomissioning in New England,2/28/2023,Grants,2023,Climate
22-36067,"22-36067 - Community Labor United, Inc.","Community Labor United, Inc.","$275,000.00","275,000.00","$150,000.00",Climate,Clean Energy,"To provide core support for Community Labor United's work on climate resilience, clean energy, and economic inclusion in Massachusetts",11/1/2022,Grants,2022,Climate
22-36067--2,"22-36067--2 - Community Labor United, Inc.","Community Labor United, Inc.","$275,000.00","275,000.00","$75,000.00",Climate,Climate Resilience,"To provide core support for Community Labor United's work on climate resilience, clean energy, and economic inclusion in Massachusetts",11/1/2022,Grants,2022,Climate
22-36067--3,"22-36067--3 - Community Labor United, Inc.","Community Labor United, Inc.","$275,000.00","275,000.00","$50,000.00",Climate,,"To provide core support for Community Labor United's work on climate resilience, clean energy, and economic inclusion in Massachusetts",11/1/2022,Grants,2022,Climate
23-35460,23-35460 - Boston Climate Action Network,Boston Climate Action Network,"$100,000.00","100,000.00","$60,000.00",Climate,Clean Energy,To support research on experiences with Mass Save and capacity building within Boston-based community organizations,7/21/2023,Grants,2023,Climate
23-35460--2,23-35460--2 - Boston Climate Action Network,Boston Climate Action Network,"$100,000.00","100,000.00","$40,000.00",Climate,Climate Resilience,To support research on experiences with Mass Save and capacity building within Boston-based community organizations,7/21/2023,Grants,2023,Climate
23-35480,"23-35480 - Mystic River Watershed Association, Inc.","Mystic River Watershed Association, Inc.","$2,250,000.00","2,250,000.00","$1,950,000.00",Climate,Climate Resilience,"To support projects and efforts to develop climate resilience, greenways, and waterfront access",6/13/2023,Grants,2023,Climate
23-35480--2,"23-35480--2 - Mystic River Watershed Association, Inc.","Mystic River Watershed Association, Inc.","$2,250,000.00","2,250,000.00","$300,000.00",Special Initiatives,Waterfront Initiative,"To support projects and efforts to develop climate resilience, greenways, and waterfront access",6/13/2023,Grants,2023,Waterfront
23-35485,"23-35485 - Mystic River Watershed Association, Inc.","Mystic River Watershed Association, Inc.","$400,000.00","400,000.00","$200,000.00",Climate,Clean Energy,to jointly manage an Extreme Heat Task Force to implement cooling strategies in the most COVID impacted communities of Greater Boston,5/2/2023,Grants,2023,Climate
23-35485--2,"23-35485--2 - Mystic River Watershed Association, Inc.","Mystic River Watershed Association, Inc.","$400,000.00","400,000.00","$200,000.00",Climate,Climate Resilience,to jointly manage an Extreme Heat Task Force to implement cooling strategies in the most COVID impacted communities of Greater Boston,5/2/2023,Grants,2023,Climate
23-35517,23-35517 - Allston Brighton Health Collaborative,Allston Brighton Health Collaborative,"$260,000.00","260,000.00","$130,000.00",Climate,Mobility,to support organizing and advocacy for mobility and climate resilience in Allston and Brighton,6/7/2023,Grants,2023,Climate
23-35517--2,23-35517--2 - Allston Brighton Health Collaborative,Allston Brighton Health Collaborative,"$260,000.00","260,000.00","$55,000.00",Climate,Mobility,to support organizing and advocacy for mobility and climate resilience in Allston and Brighton,6/7/2023,Grants,2023,Climate
23-35517--3,23-35517--3 - Allston Brighton Health Collaborative,Allston Brighton Health Collaborative,"$260,000.00","260,000.00","$75,000.00",Climate,Climate Resilience,to support organizing and advocacy for mobility and climate resilience in Allston and Brighton,6/7/2023,Grants,2023,Climate
23-35597,"23-35597 - The Latina Circle, Inc. dba Amplify Latinx","The Latina Circle, Inc. dba Amplify Latinx","$375,000.00","375,000.00","$75,000.00",Special Initiatives,Racial Wealth Equity Initiative,"To provide continued program, capacity building, and one-time organizational development support",8/30/2023,Grants,2023,Racial Wealth Equity
23-35597--2,"23-35597--2 - The Latina Circle, Inc. dba Amplify Latinx","The Latina Circle, Inc. dba Amplify Latinx","$375,000.00","375,000.00","$300,000.00",Sector Effectiveness,Leadership,"To provide continued program, capacity building, and one-time organizational development support",8/30/2023,Grants,2023,SectorEffect
23-35617,23-35617 - Our Climate Education Fund,Our Climate Education Fund,"$120,000.00","120,000.00","$60,000.00",Climate,,to support youth leadership and development in the climate movement in Massachusetts,8/30/2023,Grants,2023,Climate
23-35617--2,23-35617--2 - Our Climate Education Fund,Our Climate Education Fund,"$120,000.00","120,000.00","$60,000.00",Climate,Clean Energy,to support youth leadership and development in the climate movement in Massachusetts,8/30/2023,Grants,2023,Climate
23-35691,23-35691 - New England United for Justice,New England United for Justice,"$1,350,000.00","1,350,000.00","$675,000.00",Climate,Mobility,to support New England United for Justice?s mobility and climate work,9/13/2023,Grants,2023,Climate
23-35691--2,23-35691--2 - New England United for Justice,New England United for Justice,"$1,350,000.00","1,350,000.00","$675,000.00",Climate,Mobility,to support New England United for Justice?s mobility and climate work,9/13/2023,Grants,2023,Climate
23-35700,"23-35700 - Arise, Inc.","Arise, Inc.","$900,000.00","900,000.00","$500,000.00",Climate,Climate Resilience,to provide general operating support,8/30/2023,Grants,2023,Climate
23-35700--2,"23-35700--2 - Arise, Inc.","Arise, Inc.","$900,000.00","900,000.00","$400,000.00",Climate,Mobility,to provide general operating support,8/30/2023,Grants,2023,Climate
23-35717,23-35717 - Climable,Climable,"$100,000.00","100,000.00","$50,000.00",Climate,Clean Energy,To provide technical assistance on microgrids and resilience hubs in Massachusetts and Rhode Island,10/31/2023,Grants,2023,Climate
23-35717--2,23-35717--2 - Climable,Climable,"$100,000.00","100,000.00","$50,000.00",Climate,Climate Resilience,To provide technical assistance on microgrids and resilience hubs in Massachusetts and Rhode Island,10/31/2023,Grants,2023,Climate
23-35735,23-35735 - Metropolitan Area Planning Council,Metropolitan Area Planning Council,"$205,000.00","205,000.00","$102,500.00",Climate,Climate Resilience,To support the design of a revised COVID-safe cooling program,9/26/2023,Grants,2023,Climate
23-35735--2,23-35735--2 - Metropolitan Area Planning Council,Metropolitan Area Planning Council,"$205,000.00","205,000.00","$102,500.00",Climate,Clean Energy,To support the design of a revised COVID-safe cooling program,9/26/2023,Grants,2023,Climate
23-35865,"23-35865 - Mystic River Watershed Association, Inc.","Mystic River Watershed Association, Inc.","$33,000.00","33,000.00","$30,000.00",Climate,Clean Energy,To support the equity in organizational decision-making peer learning group's engagement with the Interaction Institute for Social Change,11/28/2023,Grants,2023,Climate
23-35865--2,"23-35865--2 - Mystic River Watershed Association, Inc.","Mystic River Watershed Association, Inc.","$33,000.00","33,000.00","$3,000.00",Climate,,To support the equity in organizational decision-making peer learning group's engagement with the Interaction Institute for Social Change,11/28/2023,Grants,2023,Climate
23-35886,"23-35886 - Dudley Street Neighborhood Initiative, Inc.","Dudley Street Neighborhood Initiative, Inc.","$1,000,000.00","1,000,000.00","$250,000.00",Climate,Climate Resilience,To support the exploration of a Resilience Hub and other resiliency activities and to provide capacity building for its Greater Boston Community Land Trust Network program,11/29/2023,Grants,2023,Climate
23-35886--2,"23-35886--2 - Dudley Street Neighborhood Initiative, Inc.","Dudley Street Neighborhood Initiative, Inc.","$1,000,000.00","1,000,000.00","$750,000.00",Special Initiatives,Racial Wealth Equity Initiative,To support the exploration of a Resilience Hub and other resiliency activities and to provide capacity building for its Greater Boston Community Land Trust Network program,11/29/2023,Grants,2023,Racial Wealth Equity
23-35900,23-35900 - New World Foundation,New World Foundation,"$650,000.00","650,000.00","$450,000.00",Climate,Clean Energy,to support equitable climate and clean energy grassroots efforts in Massachusetts and Rhode Island,11/29/2023,Grants,2023,Climate
23-35900--2,23-35900--2 - New World Foundation,New World Foundation,"$650,000.00","650,000.00","$200,000.00",Climate,,to support equitable climate and clean energy grassroots efforts in Massachusetts and Rhode Island,11/29/2023,Grants,2023,Climate
23-35906,"23-35906 - Third Sector New England, Inc.","Third Sector New England, Inc.","$1,000,000.00","1,000,000.00","$600,000.00",Special Initiatives,Racial Wealth Equity Initiative,To provide project support for the TSNE Shared Services launch,11/29/2023,Grants,2023,Racial Wealth Equity
23-35906--2,"23-35906--2 - Third Sector New England, Inc.","Third Sector New England, Inc.","$1,000,000.00","1,000,000.00","$400,000.00",Sector Effectiveness,Infrastructure,To provide project support for the TSNE Shared Services launch,11/29/2023,Grants,2023,SectorEffect
23-35921,"23-35921 - Massachusetts Coalition for Occupational Safety and Health, Inc.","Massachusetts Coalition for Occupational Safety and Health, Inc.","$375,000.00","375,000.00","$187,500.00",Climate,Climate Resilience,To develop and expand strategies to protect workers and students in Massachusetts from increased health and safety risks resulting from climate change,11/29/2023,Grants,2023,Climate
23-35921--2,"23-35921--2 - Massachusetts Coalition for Occupational Safety and Health, Inc.","Massachusetts Coalition for Occupational Safety and Health, Inc.","$375,000.00","375,000.00","$187,500.00",Climate,Climate Resilience,To develop and expand strategies to protect workers and students in Massachusetts from increased health and safety risks resulting from climate change,11/29/2023,Grants,2023,Climate
23-36064,"23-36064 - Boston Harbor Now, Inc.","Boston Harbor Now, Inc.","$1,060,000.00","1,060,000.00","$250,000.00",Climate,Climate Resilience,To provide general operating support,3/7/2024,Grants,2024,Climate
23-36064--2,"23-36064--2 - Boston Harbor Now, Inc.","Boston Harbor Now, Inc.","$1,060,000.00","1,060,000.00","$60,000.00",Climate,Mobility,To provide general operating support,3/7/2024,Grants,2024,Climate
23-36064--3,"23-36064--3 - Boston Harbor Now, Inc.","Boston Harbor Now, Inc.","$1,060,000.00","1,060,000.00","$750,000.00",Special Initiatives,Waterfront Initiative,To provide general operating support,3/7/2024,Grants,2024,Waterfront
5334--2,"5334--2 - Oxfam-America, Inc.","Oxfam-America, Inc.","$350,000.00","350,000.00","$175,000.00",Former Global Program,,Artibonite Valley SRI Expansion Project,6/4/2014,Global Grants,2014,Old
5478--2,"5478--2 - Bessie Tartt Wilson Initiative for Children, Inc.","Bessie Tartt Wilson Initiative for Children, Inc.","$250,000.00","250,000.00","$125,000.00",Education,,"""Strengthening Early Education and Care in Massachusetts""",9/17/2014,Grants,2014,Education
5553--2,5553--2 - Pathfinder International,Pathfinder International,"$800,000.00","800,000.00","$400,000.00",Former Global Program,,"Population, Health, and the Environment Program in East Africa",9/17/2014,Global Grants,2014,Old
5747--2,5747--2 - Innovation Network for Communities,Innovation Network for Communities,"$1,160,000.00","1,160,000.00","$580,000.00",Climate,Mobility,Boston Green Ribbon Commission,3/2/2015,Grants,2015,Climate
5755--2,5755--2 - Smart Growth America,Smart Growth America,"$500,000.00","500,000.00","$310,000.00",Climate,Mobility,its LOCUS program,3/2/2015,Grants,2015,Climate
6027--2,6027--2 - United Way of Massachusetts Bay and Merrimack Valley,United Way of Massachusetts Bay and Merrimack Valley,"$200,000.00","200,000.00","$100,000.00",Education,,To provide operating support as Thrive in 5 pursues its current school-readiness agenda and simultaneously determines its path going forward.,9/16/2015,Grants,2015,Education
6115--2,6115--2 - Stand for Children Leadership Center,Stand for Children Leadership Center,"$400,000.00","400,000.00","$200,000.00",Education,,To provide core operating support for Stand for Children Massachusetts and its family engagement and organizing so that children have increased access to high-quality early and K-12 education,12/2/2015,Grants,2015,Education
6269--2,6269--2 - Metropolitan Area Planning Council,Metropolitan Area Planning Council,"$4,250,000.00","4,250,000.00","$1,062,500.00",Climate,Clean Energy,"to support mobility, clean energy, and climate resiliency planning within MAPC's region",3/2/2016,Grants,2016,Climate
6656--2,6656--2 - Innovation Network for Communities,Innovation Network for Communities,"$75,000.00","75,000.00","$37,500.00",Climate,Climate Resilience,To provide supplemental support for the European climate innovations study trip focused on carbon neutrality and long-term climate resilience,8/2/2016,Grants,2016,Climate
6662--2,6662--2 - City of Boston,City of Boston,"$835,000.00","835,000.00","$417,500.00",Climate,Climate Resilience,To support community-level resilience projects as part of Climate Ready Boston Phase II,12/7/2016,Grants,2016,Climate
6677--2,"6677--2 - Conservation Law Foundation, Inc.","Conservation Law Foundation, Inc.","$1,200,000.00","1,200,000.00","$600,000.00",Climate,Mobility,to support regional climate policy and practice,12/7/2016,Grants,2016,Climate
6700--2,6700--2 - Greater Boston Chamber of Commerce,Greater Boston Chamber of Commerce,"$75,000.00","75,000.00","$37,500.00",Sector Effectiveness,Leadership,To support its Greater Boston Chamber of Commerce City Awake Delegates program for next-generation civic discourse and leadership,8/31/2016,Grants,2016,SectorEffect